gene1,gene2,combined_score,weight
SRM,PTK6,777,0.777
TWISTNB,ZNRD1,999,0.999
TWISTNB,CD3EAP,999,0.999
MAATS1,WDR66,823,0.823
WDR66,MAATS1,823,0.823
WDR63,CASC1,844,0.844
WDR63,WDR78,948,0.948
INTS6,INTS2,999,0.999
ZNRD1,TWISTNB,999,0.999
ZNRD1,CD3EAP,999,0.999
TMEM189-UBE2V1,TMEM189,903,0.903
LRMP,CCDC155,846,0.846
FGFR1OP,RNASET2,885,0.885
CXorf40B,CXorf40A,877,0.877
WDR78,WDR63,948,0.948
WDR78,CASC1,795,0.795
TMEM189,TMEM189-UBE2V1,903,0.903
WDR34,WDR60,999,0.999
RPS4X,RPS7,999,0.999
IL2RG,IFNA16,703,0.703
SPAG4,CCDC155,778,0.778
ITPR3,ATXN2,913,0.913
ITPR3,MRVI1,986,0.986
IFNA16,IL2RG,703,0.703
CASC1,WDR78,795,0.795
CASC1,WDR63,844,0.844
WDR60,WDR34,999,0.999
CCDC155,LRMP,846,0.846
CCDC155,SPAG4,778,0.778
MRVI1,ITPR3,986,0.986
INTS2,INTS6,999,0.999
CXorf40A,CXorf40B,877,0.877
RNASET2,FGFR1OP,885,0.885
PTK6,SRM,777,0.777
ATXN2,ITPR3,913,0.913
CD3EAP,ZNRD1,999,0.999
CD3EAP,TWISTNB,999,0.999
RPS7,RPS4X,999,0.999
RPS7,SPDYE8P,789,0.789
RPS7,SPDYE9P,789,0.789
SPDYE8P,RPS7,789,0.789
SPDYE9P,RPS7,789,0.789
