Gene,Degree,P_g,T_g,C_g,D_g,K_g,PCBS,n_components,Betweenness,Closeness,PageRank,Community
MRVI1,1,0.0,0.0,0.4506359058531362,0.6667,0.0,0.2234671811706272,2,0.0,0.0,0.0,-1
CASC1,2,0.0,0.0,0.0,0.9423,0.0,0.18846,1,0.0,0.0,0.0,-1
WDR66,1,0.0,0.0,0.0,0.9067,0.0,0.18134,1,0.0,0.0,0.0,-1
SPAG4,1,0.0,0.0,0.1927104064288181,0.6667,0.0,0.1718820812857636,2,0.0,0.0,0.0,-1
INTS6,1,0.0,0.0,0.0,0.7097,0.0,0.14194,1,0.0,0.0,0.0,-1
WDR34,1,0.0,0.0,0.1329497855252392,0.5648,0.0,0.1395499571050478,2,0.0,0.0,0.0,-1
WDR78,2,0.0,0.0,0.0,0.6667,0.0,0.13334,1,0.0,0.0,0.0,-1
WDR63,2,0.0,0.0,0.0,0.6157,0.0,0.12314,1,0.0,0.0,0.0,-1
RNASET2,1,0.0,0.0,0.026315480826494,0.4396,0.0,0.0931830961652988,2,0.0,0.0,0.0,-1
FGFR1OP,1,0.0,0.0,0.1009929192507642,0.3307,0.0,0.0863385838501528,2,0.0,0.0,0.0,-1
IFNA16,1,0.0,0.0,0.0,0.3904,0.0,0.07808,1,0.0,0.0,0.0,-1
ITPR3,2,0.0,0.0,0.0740266545073609,0.3009,0.0,0.0749853309014721,2,0.0,0.0,0.0,-1
CXorf40B,1,0.0,0.0,0.0067100000259605,0.317,0.0,0.0647420000051921,2,0.0,0.0,0.0,-1
CCDC155,2,0.0,0.0,0.067474976508077,0.2039,0.0,0.0542749953016154,2,0.0,0.0,0.0,-1
PTK6,1,0.0,0.0,0.1141484231085027,0.149,0.0,0.0526296846217005,2,0.0,0.0,0.0,-1
LRMP,1,0.0,0.0,0.0342990843756292,0.1912,0.0,0.0450998168751258,2,0.0,0.0,0.0,-1
CXorf40A,1,0.0,0.0,0.013564444328677,0.1904,0.0,0.0407928888657354,2,0.0,0.0,0.0,-1
WDR60,1,0.0,0.0,0.0162877102978323,0.1839,0.0,0.0400375420595664,2,0.0,0.0,0.0,-1
MAATS1,1,0.0,0.0,0.0,0.1874,0.0,0.03748,1,0.0,0.0,0.0,-1
INTS2,1,0.0,0.0,0.0,0.1776,0.0,0.03552,1,0.0,0.0,0.0,-1
TMEM189,1,0.0,0.0,0.1151235684848714,0.0,0.0,0.0230247136969742,1,0.0,0.0,0.0,-1
CD3EAP,2,0.0,0.0,0.0,0.1106,0.0,0.02212,1,0.0,0.0,0.0,-1
ATXN2,1,0.0,0.0,0.0,0.1058,0.0,0.02116,1,0.0,0.0,0.0,-1
RPS7,3,0.0,0.0,0.0,0.0927,0.0,0.01854,1,1.0,1.0,0.4797305739863632,0
IL2RG,1,0.0,0.0,0.0,0.067,0.0,0.0134,1,0.0,0.0,0.0,-1
ZNRD1,2,0.0,0.0,0.0,0.0649,0.0,0.01298,1,0.0,0.0,0.0,-1
SRM,1,0.0,0.0,0.0109667347775877,0.0487,0.0,0.0119333469555175,2,0.0,0.0,0.0,-1
RPS4X,1,0.0,0.0,0.0097872816990921,0.034,0.0,0.0087574563398184,2,0.0,0.6,0.19557592417059497,0
TWISTNB,2,0.0,0.0,0.0383500489982504,0.0025,0.0,0.00817000979965,2,0.0,0.0,0.0,-1
TMEM189-UBE2V1,1,0.0,0.0,0.0,0.0,0.0,0.0,0,0.0,0.0,0.0,-1
SPDYE8P,1,0.0,0.0,0.0,0.0,0.0,0.0,0,0.0,0.6,0.16234675092152095,0
SPDYE9P,1,0.0,0.0,0.0,0.0,0.0,0.0,0,0.0,0.6,0.16234675092152095,0
