Gene,K_g,is_MR_instrument,is_GWAS_PCOS,is_GWAS_EC,is_shared_GWAS,K_sources
ADIPOQ,0.2,False,True,False,False,GWAS_PCOS
AKT1,1.0,True,True,True,True,MR_EC_instrument;GWAS_PCOS;GWAS_EC;Shared_GWAS
AMH,0.2,False,True,False,False,GWAS_PCOS
AMHR2,0.2,False,True,False,False,GWAS_PCOS
AR,0.2,False,True,False,False,GWAS_PCOS
ARID1A,0.2,False,False,True,False,GWAS_EC
ARL14EP,0.2,False,True,False,False,GWAS_PCOS
BHLHE41,0.2,False,False,True,False,GWAS_EC
BMI1,0.2,False,False,True,False,GWAS_EC
C9orf3,0.6,True,True,False,False,MR_PCOS_instrument;GWAS_PCOS
CDKAL1,0.6,True,False,True,False,MR_EC_instrument;GWAS_EC
CTNNB1,0.2,False,False,True,False,GWAS_EC
CYP11A1,1.0,True,True,True,True,MR_EC_instrument;GWAS_PCOS;GWAS_EC;Shared_GWAS
CYP17A1,0.2,False,True,False,False,GWAS_PCOS
CYP19A1,1.0,True,True,True,True,MR_EC_instrument;GWAS_PCOS;GWAS_EC;Shared_GWAS
DENND1A,0.6,True,True,False,False,MR_PCOS_instrument;GWAS_PCOS
EEFSEC,0.2,False,False,True,False,GWAS_EC
EIF2AK4,0.6,True,False,True,False,MR_EC_instrument;GWAS_EC
ERBB2,0.2,False,False,True,False,GWAS_EC
ERBB3,0.6,True,True,False,False,MR_PCOS_instrument;GWAS_PCOS
ERBB4,0.2,False,True,False,False,GWAS_PCOS
ESR1,0.6,False,True,True,True,GWAS_PCOS;GWAS_EC;Shared_GWAS
ESR2,0.2,False,True,False,False,GWAS_PCOS
ETV6,0.2,False,False,True,False,GWAS_EC
FBN3,0.6,True,True,False,False,MR_PCOS_instrument;GWAS_PCOS
FSHB,0.6,True,True,False,False,MR_PCOS_instrument;GWAS_PCOS
FSHR,0.2,False,True,False,False,GWAS_PCOS
FTO,0.2,False,True,False,False,GWAS_PCOS
GATA4,0.6,True,True,False,False,MR_PCOS_instrument;GWAS_PCOS
GNRH1,0.2,False,True,False,False,GWAS_PCOS
GNRHR,0.2,False,True,False,False,GWAS_PCOS
HMGA2,0.6,True,True,False,False,MR_PCOS_instrument;GWAS_PCOS
HNF1B,0.6,True,False,True,False,MR_EC_instrument;GWAS_EC
HOXB13,0.2,False,False,True,False,GWAS_EC
IGF1,0.2,False,True,False,False,GWAS_PCOS
IGF1R,0.2,False,True,False,False,GWAS_PCOS
INSR,0.2,False,True,False,False,GWAS_PCOS
IRF1,0.6,True,True,False,False,MR_PCOS_instrument;GWAS_PCOS
IRS1,0.2,False,True,False,False,GWAS_PCOS
IRS2,0.2,False,True,False,False,GWAS_PCOS
KCNK9,0.6,True,False,True,False,MR_EC_instrument;GWAS_EC
KLF5,0.6,True,False,True,False,MR_EC_instrument;GWAS_EC
KRAS,0.2,False,False,True,False,GWAS_EC
KRR1,0.2,False,True,False,False,GWAS_PCOS
LHCGR,0.6,True,True,False,False,MR_PCOS_instrument;GWAS_PCOS
LINC00536,0.4,True,False,False,False,MR_PCOS_instrument
MAPRE1,0.2,False,True,False,False,GWAS_PCOS
MDM4,0.2,False,False,True,False,GWAS_EC
MLH1,0.2,False,False,True,False,GWAS_EC
MSH2,0.2,False,False,True,False,GWAS_EC
MSH6,0.2,False,False,True,False,GWAS_EC
MYC,0.6,True,False,True,False,MR_EC_instrument;GWAS_EC
NEIL2,0.2,False,True,False,False,GWAS_PCOS
PGR,0.2,False,False,True,False,GWAS_EC
PIK3CA,0.6,False,True,True,True,GWAS_PCOS;GWAS_EC;Shared_GWAS
PLGRKT,0.2,False,True,False,False,GWAS_PCOS
PMS2,0.2,False,False,True,False,GWAS_EC
PTEN,0.2,False,False,True,False,GWAS_EC
PTHLH,0.2,False,False,True,False,GWAS_EC
RAB5B,0.2,False,True,False,False,GWAS_PCOS
RAD50,0.2,False,True,False,False,GWAS_PCOS
RSPO3,0.2,False,False,True,False,GWAS_EC
SH2B3,0.6,True,False,True,False,MR_EC_instrument;GWAS_EC
SHBG,0.2,False,True,False,False,GWAS_PCOS
SNX11,0.2,False,False,True,False,GWAS_EC
SOX4,0.6,True,False,True,False,MR_EC_instrument;GWAS_EC
SRP14,0.2,False,False,True,False,GWAS_EC
SUMO1P1,0.6,True,True,False,False,MR_PCOS_instrument;GWAS_PCOS
SUOX,0.2,False,True,False,False,GWAS_PCOS
TERT,0.2,False,False,True,False,GWAS_EC
THADA,0.6,True,True,False,False,MR_PCOS_instrument;GWAS_PCOS
TOX3,0.6,True,True,False,False,MR_PCOS_instrument;GWAS_PCOS
TP53,0.2,False,False,True,False,GWAS_EC
WT1,0.6,True,False,True,False,MR_EC_instrument;GWAS_EC
YAP1,0.6,True,True,False,False,MR_PCOS_instrument;GWAS_PCOS
ZBTB16,0.2,False,True,False,False,GWAS_PCOS
