SNP,chr,gene,ea,beta_pcos,se_pcos,pval_pcos,beta_ec,se_ec,F_stat,wald_ratio
rs11031006,11,FSHB,G,0.282,0.038,1.1e-13,0.081,0.032,55.072022160664815,0.2872340425531915
rs804279,8,GATA4,A,0.108,0.017,3.2e-10,0.022,0.018,40.3598615916955,0.2037037037037037
rs2272046,12,HMGA2,C,0.177,0.027,6.8e-11,0.048,0.023,42.9753086419753,0.2711864406779661
rs7563201,2,THADA,T,0.148,0.019,8.6e-15,0.039,0.02,60.67590027700832,0.26351351351351354
rs10818854,2,LHCGR,A,0.124,0.02,4.5e-10,0.031,0.021,38.440000000000005,0.25
rs2059807,5,IRF1,G,0.103,0.019,6.3e-08,0.058,0.02,29.387811634349024,0.5631067961165049
rs1351592,12,ERBB3,T,0.136,0.021,1.2e-10,0.041,0.022,41.941043083900226,0.3014705882352941
rs10986105,9,DENND1A,A,0.091,0.02,5.5e-06,0.011,0.021,20.702499999999997,0.12087912087912088
rs705702,9,C9orf3,T,0.084,0.019,1.1e-05,0.019,0.02,19.54570637119114,0.22619047619047616
rs2178575,11,YAP1,A,0.129,0.02,1.5e-10,0.028,0.021,41.6025,0.21705426356589147
rs4385527,8,LINC00536,C,0.098,0.019,2.7e-07,-0.009,0.02,26.60387811634349,-0.09183673469387754
rs6022786,20,SUMO1P1,G,0.112,0.019,3.8e-09,0.021,0.02,34.74792243767314,0.1875
rs4784165,16,TOX3,T,0.087,0.019,5e-06,0.047,0.02,20.96675900277008,0.5402298850574713
rs1795379,19,FBN3,C,0.118,0.02,3.9e-09,0.033,0.021,34.809999999999995,0.2796610169491526
