SNP,chr,gene,ea,beta_ec,se_ec,beta_pcos,se_pcos,F_stat
rs11263763,17,HNF1B,T,0.175,0.022,0.012,0.019,63.27479338842974
rs727479,15,CYP19A1,A,0.142,0.021,0.031,0.018,45.72335600907028
rs2747716,13,KLF5,G,0.118,0.019,-0.005,0.017,38.57063711911357
rs9668337,14,AKT1,C,0.098,0.018,0.008,0.016,29.641975308641978
rs7579014,15,EIF2AK4,A,0.091,0.019,0.003,0.017,22.939058171745156
rs3184504,12,SH2B3,T,0.085,0.018,-0.011,0.016,22.299382716049394
rs4733613,8,MYC,T,0.132,0.022,0.015,0.019,36.000000000000014
rs937213,11,WT1,G,0.107,0.02,0.009,0.018,28.622499999999995
rs2498794,12,SOX4,C,0.094,0.019,-0.007,0.017,24.476454293628812
rs758316,8,KCNK9,G,0.088,0.019,0.002,0.017,21.451523545706372
rs1740828,6,CDKAL1,C,0.079,0.018,0.006,0.016,19.26234567901235
rs882380,15,CYP11A1,A,0.121,0.021,0.022,0.018,33.19954648526076
