Pathway,EPS,Gene_Support,Stage_Coverage,Pathway_Coverage,Edge_Reliability,Weakest_Link,n_pw_genes,n_scored,n_supported,has_PCOS,has_Transition,has_Cancer,top_genes
Reactome: RAC2 GTPase Cycle R-HSA-9013404,0.6932183615607402,1.0,1.0,0.9770114942528736,0.3463846077585302,0.13694857935551602,87,85,85,True,True,True,"MCAM, PIK3R1, CAV1, CYBB, DOCK3"
KEGG: Taste transduction,0.6849595286129487,0.8837209302325582,1.0,1.0,0.38954353687018023,0.15153317596200497,86,86,76,True,True,True,"ADCY4, PKD2L1, CACNA1C, GABRA5, PLCB1"
Reactome: CDC42 GTPase Cycle R-HSA-9013148,0.6842507376186584,0.9863013698630136,1.0,0.9798657718120806,0.3413609528822476,0.10869203648897031,149,146,144,True,True,True,"ARHGEF15, CDC42EP5, ARHGAP20, PIK3R1, CAV1"
Reactome: Intracellular Signaling By Second Messengers R-HSA-9006925,0.6835228936883901,0.9901315789473685,1.0,0.9934640522875817,0.3484237435866093,0.08396110669228607,306,304,301,True,True,True,"IL33, SNAI2, ESR1, NRG2, AKT1"
Reactome: PIP3 Activates AKT Signaling R-HSA-1257604,0.6832006392741489,0.9887640449438202,1.0,0.996268656716418,0.34231302133717356,0.08772463755243776,268,267,264,True,True,True,"IL33, SNAI2, ESR1, NRG2, AKT1"
Reactome: MAPK Family Signaling Cascades R-HSA-5683057,0.6828842235746397,0.9841269841269841,1.0,0.9905660377358491,0.3478120814874308,0.08955752395689703,318,315,310,True,True,True,"MYC, NRG2, PDGFRB, SHC2, CDC42EP5"
Reactome: Beta-catenin Independent WNT Signaling R-HSA-3858494,0.6825727797428948,0.9858156028368794,1.0,0.9929577464788732,0.32667347767715876,0.10565650834128004,142,141,139,True,True,True,"MYC, WNT4, PRKG1, CAMK2A, WNT5B"
Reactome: RAC3 GTPase Cycle R-HSA-9013423,0.6825440552176611,0.978021978021978,1.0,0.978494623655914,0.3241566186866126,0.12667071163778046,93,91,89,True,True,True,"MCAM, PIK3R1, CAV1, CYBB, FERMT2"
KEGG: Hepatitis B,0.6819951674270356,0.9876543209876543,1.0,1.0,0.35656896642831143,0.06575254971921177,162,162,160,True,True,True,"MYC, AKT1, EGR3, BIRC5, SLC10A1"
Reactome: Signaling By Interleukins R-HSA-449147,0.6818546604264386,0.9821428571428571,1.0,0.9889624724061811,0.3442526901509629,0.0911559005337373,453,448,440,True,True,True,"NDN, MYC, IL33, AKT1, S1PR1"
Reactome: MAPK1/MAPK3 Signaling R-HSA-5684996,0.6808609885864476,0.9854545454545455,1.0,0.9927797833935018,0.33089776453996916,0.093367795392597,277,275,271,True,True,True,"NRG2, PDGFRB, SHC2, FYN, GFRA2"
Reactome: RAF/MAP Kinase Cascade R-HSA-5673001,0.6801260990474786,0.9851301115241635,1.0,0.992619926199262,0.33047691159411774,0.0905585274696657,271,269,265,True,True,True,"NRG2, PDGFRB, SHC2, FYN, GFRA2"
Reactome: Depolymerisation Of Nuclear Lamina R-HSA-4419969,0.6762918126771913,1.0,1.0,1.0,0.2715414911754004,0.10991757221055622,15,15,15,True,True,True,"PRKCA, LMNB1, CCNB1, PRKCB, LPIN3"
Reactome: Antigen processing-Cross Presentation R-HSA-1236975,0.6757993923788359,0.9902912621359223,1.0,0.9903846153846154,0.30325181054287526,0.09266542767691986,104,103,102,True,True,True,"VAMP8, LY96, S100A1, CTSL, CYBB"
Reactome: Synthesis Of DNA R-HSA-69239,0.6752669484267133,0.9830508474576272,1.0,0.9915966386554622,0.27020809693856856,0.12937831874577427,119,118,116,True,True,True,"CDC45, RFC4, PRIM1, UBE2C, PSMB2"
Reactome: RHOJ GTPase Cycle R-HSA-9013409,0.674935750137937,1.0,1.0,0.9814814814814815,0.3088942910617161,0.07967334851685799,54,53,53,True,True,True,"PIK3R1, CAV1, RHOJ, CDC42BPA, SYDE1"
Reactome: Mitotic G1 Phase And G1/S Transition R-HSA-453279,0.6748632685770833,1.0,1.0,0.9931972789115646,0.3034945281333356,0.07592385556840796,147,146,146,True,True,True,"MYC, ABL1, AKT1, CDC45, MYBL2"
KEGG: Spinocerebellar ataxia,0.674587641014314,0.9857142857142858,1.0,0.9790209790209791,0.30456515593074657,0.09839302916080324,143,140,138,True,True,True,"AKT1, ATXN1, AKT3, GRIN2D, GRIN2A"
Reactome: Transcriptional Regulation By RUNX2 R-HSA-8878166,0.6741095795265074,0.9829059829059829,1.0,0.9831932773109243,0.33119954313265537,0.06904741361070606,119,117,115,True,True,True,"TWIST2, ESR1, ABL1, GLI2, AKT1"
Reactome: MAPK6/MAPK4 Signaling R-HSA-5687128,0.6738140560886505,0.9772727272727273,1.0,0.9777777777777777,0.3142336184446277,0.09423060139256478,90,88,86,True,True,True,"MYC, CDC42EP5, DNAJB1, PRKCA, RNASE1"
Reactome: Diseases Of Signal Transduction By Growth Factor Receptors And Second Messengers R-HSA-5663202,0.6733134642937995,0.9855769230769231,1.0,0.9811320754716981,0.303742734602753,0.09139860718554796,424,416,410,True,True,True,"MYC, HEYL, FAM131B, ESR1, NRG2"
KEGG: Salmonella infection,0.6725272074842158,0.9879518072289156,1.0,1.0,0.2941017975032878,0.08058243268887559,249,249,246,True,True,True,"MYC, AKT1, MYL9, AKT3, FLNC"
Reactome: Nuclear Events Mediated By NFE2L2 R-HSA-9759194,0.6724930117060357,1.0,1.0,0.9871794871794872,0.2853781084747192,0.0867023346708442,78,77,77,True,True,True,"MYC, CDKN2A, PCDHB16, TALDO1, PSMB2"
Reactome: RHOF GTPase Cycle R-HSA-9035034,0.6715357580461548,0.9761904761904762,1.0,1.0,0.3134685108258745,0.06801980321442351,42,42,41,True,True,True,"MCAM, PIK3R1, CAV1, SYDE1, FAM169A"
Reactome: Metabolism Of Steroids R-HSA-8957322,0.6711351055366755,0.98,1.0,0.9803921568627451,0.3201981476168789,0.0701832624194396,153,150,147,True,True,True,"CYP19A1, CYP11A1, PTGIS, CYP17A1, SLC10A1"
Reactome: PCP/CE Pathway R-HSA-4086400,0.6709745072312434,0.9770114942528736,1.0,0.9886363636363636,0.2780895779216394,0.10829419125443096,88,87,85,True,True,True,"WNT4, WNT5B, PRICKLE1, FZD4, PRKCA"
Reactome: RHO GTPase Cycle R-HSA-9012999,0.6705367934068642,0.986046511627907,1.0,0.9750566893424036,0.30240156504629506,0.08294337335331575,441,430,424,True,True,True,"ARHGEF15, CDC42EP5, MCAM, ARHGAP23, ARHGAP20"
Reactome: TNFR2 Non-Canonical NF-kB Pathway R-HSA-5668541,0.6699449948211316,0.98989898989899,1.0,0.99,0.2728469287820263,0.09447905542464188,100,99,98,True,True,True,"TNF, CD70, EDA2R, TNFRSF4, PSMB2"
Reactome: Cross-presentation Of Soluble Exogenous Antigens (Endosomes) R-HSA-1236978,0.6695940702311171,0.9787234042553191,1.0,0.9791666666666666,0.25360353096611793,0.13126841593414862,48,47,46,True,True,True,"MRC1, PSMB2, FCGR1A, MRC2, CD207"
Reactome: Hedgehog On State R-HSA-5632684,0.6695346982022826,0.9879518072289156,1.0,0.9764705882352941,0.30548284988147434,0.07188589272455266,85,83,82,True,True,True,"GAS1, GLI2, GLI1, PTCH1, GLI3"
Reactome: Disorders Of Transmembrane Transporters R-HSA-5619115,0.6693899660272091,0.976878612716763,1.0,0.9829545454545454,0.2871241368224159,0.09573117150595792,176,173,169,True,True,True,"AVPR1A, SLC40A1, SLC5A1, SLCO1B1, AVPR2"
Reactome: G1/S Transition R-HSA-69206,0.6691079880030885,1.0,1.0,0.9922480620155039,0.27640159278847054,0.07495230071534416,129,128,128,True,True,True,"MYC, AKT1, CDC45, AKT3, RRM2"
Reactome: MHC Class II Antigen Presentation R-HSA-2132295,0.6688278970643065,0.9615384615384616,1.0,1.0,0.2953259251383967,0.08727509864467421,104,104,100,True,True,True,"CTSD, PRICKLE1, CTSL, KIF26A, CTSB"
Reactome: KEAP1-NFE2L2 Pathway R-HSA-9755511,0.6683044801486148,0.9897959183673469,1.0,0.98,0.2866595278717952,0.08006695450393102,100,98,97,True,True,True,"MYC, AKT1, CDKN2A, PCDHB16, AKT3"
Reactome: Mitotic Prometaphase R-HSA-68877,0.667378892488322,0.994413407821229,1.0,0.9623655913978495,0.2824547414350123,0.08825211963698155,186,179,178,True,True,True,"BIRC5, SPC25, BUB1, SKA1, CEP41"
Reactome: Fc Epsilon Receptor (FCERI) Signaling R-HSA-2454202,0.6671024858829596,0.9922480620155039,1.0,0.9923076923076923,0.2728526939615317,0.07618090420699336,130,129,128,True,True,True,"FYN, MS4A2, PIK3R1, MAPK10, RASGRP2"
Reactome: Separation Of Sister Chromatids R-HSA-2467813,0.6670829562599416,0.9877300613496932,1.0,0.9588235294117647,0.2844298249957875,0.09413724789540401,170,163,161,True,True,True,"BIRC5, SPC25, BUB1, SKA1, ESPL1"
Reactome: S Phase R-HSA-69242,0.6669224168245436,0.9874213836477987,1.0,0.9875776397515528,0.28033578788495134,0.07617168277630383,161,159,157,True,True,True,"MYC, AKT1, CDC45, RFC4, AKT3"
Reactome: ER-Phagosome Pathway R-HSA-1236974,0.66626517817182,0.9886363636363636,1.0,0.9887640449438202,0.25792659992936684,0.09318989358550435,89,88,87,True,True,True,"VAMP8, LY96, S100A1, S100A9, CD36"
Reactome: Signaling By Hedgehog R-HSA-5358351,0.6662096386260642,0.9849624060150376,1.0,0.9851851851851852,0.2882083819350984,0.0689885162912964,135,133,131,True,True,True,"GAS1, GLI2, ADCY4, GLI1, PTCH1"
Reactome: Signaling By WNT R-HSA-195721,0.6661774890618319,0.9885496183206107,1.0,0.891156462585034,0.3429699216052535,0.08100055844452002,294,262,259,True,True,True,"SFRP1, MYC, RSPO1, RSPO3, AKT1"
Reactome: PTEN Regulation R-HSA-6807070,0.6656345906561947,0.9855072463768116,1.0,0.9928057553956835,0.2597853934586342,0.08827599689876534,139,138,136,True,True,True,"SNAI2, AKT1, PTEN, AKT3, PPARG"
Reactome: Regulation Of PTEN Stability And Activity R-HSA-8948751,0.6655358977300471,0.9848484848484849,1.0,0.9850746268656716,0.2599186592759701,0.0941063743765262,67,66,65,True,True,True,"AKT1, PTEN, AKT3, NEDD4, PSMB2"
Reactome: G1/S DNA Damage Checkpoints R-HSA-69615,0.6649829278271551,0.9848484848484849,1.0,0.9850746268656716,0.2429659928836056,0.10829419125443096,67,66,65,True,True,True,"CDKN2A, PSMB2, CCNE2, PSMA8, PSMB3"
Reactome: Interleukin-1 Family Signaling R-HSA-446652,0.6648825085159157,0.9933333333333333,1.0,0.9868421052631579,0.2647131484246966,0.07623448187417979,152,150,149,True,True,True,"IL33, S100B, CASP1, NFKBIA, USP18"
Reactome: Cellular Response To Chemical Stress R-HSA-9711123,0.6647771626814577,0.9832402234636871,1.0,0.9835164835164835,0.27045772793872264,0.08255049936751661,182,179,176,True,True,True,"MYC, AKT1, CDKN2A, PCDHB16, AKT3"
Reactome: Mitotic Anaphase R-HSA-68882,0.6643722685491333,0.990990990990991,1.0,0.9568965517241379,0.26906757089749533,0.0941303670640772,232,222,220,True,True,True,"BIRC5, SPC25, BUB1, SKA1, ESPL1"
Reactome: Mitotic Metaphase And Anaphase R-HSA-2555396,0.6641295345508593,0.9910313901345291,1.0,0.9570815450643777,0.2676678759260801,0.09413724789540401,233,223,221,True,True,True,"BIRC5, SPC25, BUB1, SKA1, ESPL1"
Reactome: Hedgehog Off State R-HSA-5610787,0.6634056967199721,0.9896907216494846,1.0,0.9897959183673469,0.2645541054890168,0.07043671768584885,98,97,96,True,True,True,"GLI2, ADCY4, GLI1, PTCH1, ADCY1"
Reactome: Cell Cycle Checkpoints R-HSA-69620,0.6631327771435166,0.9877049180327869,1.0,0.9003690036900369,0.2963845543697143,0.1062976605475548,271,244,241,True,True,True,"CLSPN, CDC45, CDKN2A, BIRC5, RFC4"
Reactome: Signaling By NOTCH4 R-HSA-9013694,0.6626986464779321,1.0,1.0,0.9753086419753086,0.2418558504165709,0.09015590049160808,81,79,79,True,True,True,"AKT1, ACTA2, HEY2, PSMB2, DLL4"
Reactome: p53-Dependent G1 DNA Damage Response R-HSA-69563,0.6626254222475666,0.984375,1.0,0.9846153846153847,0.23299464687530114,0.10729592590099288,65,64,63,True,True,True,"CDKN2A, PSMB2, CCNE2, PSMA8, PSMB3"
Reactome: ABC-family Proteins Mediated Transport R-HSA-382556,0.6624697847900062,0.9801980198019802,1.0,0.9901960784313726,0.25648410778578995,0.08301973753873122,102,101,99,True,True,True,"ABCA8, ABCA9, ABCA6, ABCB1, EIF2S2"
Reactome: Golgi-to-ER Retrograde Transport R-HSA-8856688,0.6624212824506236,1.0,1.0,1.0,0.2597313252301916,0.05237508702292663,112,112,112,True,True,True,"KIF1A, KIF12, KIF21B, KIF26A, KIF18B"
Reactome: Interleukin-1 Signaling R-HSA-9020702,0.6623181999374669,0.9911504424778761,1.0,0.9912280701754386,0.25010795427313026,0.07691155030474907,114,113,112,True,True,True,"S100B, NFKBIA, USP18, MAP2K6, PSMB2"
Reactome: C-type Lectin Receptors (CLRs) R-HSA-5621481,0.6621576588650028,0.9784172661870504,1.0,0.9858156028368794,0.26659734198079216,0.07641198402951192,141,139,136,True,True,True,"FYN, CLEC7A, FCER1G, MUCL1, PPP3R1"
Reactome: Role Of GTSE1 In G2/M Progression After G2 Checkpoint R-HSA-8852276,0.6614606208448693,0.9827586206896551,1.0,0.9830508474576272,0.22796389133360198,0.10929245660786904,59,58,57,True,True,True,"CCNB2, PSMB2, PSMA8, PSMB3, PLK1"
Reactome: Regulation Of Ornithine Decarboxylase (ODC) R-HSA-350562,0.6605701980525895,0.9795918367346939,1.0,0.98,0.23539527020313813,0.10286388332511562,50,49,48,True,True,True,"PSMB2, SLC25A21, PSMA8, OAZ3, NQO1"
KEGG: Prion disease,0.6604990711210794,0.9612403100775194,1.0,0.945054945054945,0.2975802387517445,0.08488359798492388,273,258,248,True,True,True,"C7, COX7A1, RYR3, FYN, CACNA1D"
Reactome: Nuclear Envelope Breakdown R-HSA-2980766,0.6603987469718355,1.0,1.0,0.9622641509433962,0.2343445913873728,0.09595103026425801,53,51,51,True,True,True,"CCNB2, PRKCA, NUP37, NUP155, NEK9"
Reactome: Activation Of APC/C And APC/C:Cdc20 Mediated Degradation Of Mitotic Proteins R-HSA-176814,0.6603629874108318,0.9733333333333334,1.0,0.9868421052631579,0.24120910348574015,0.09714092128771704,76,75,73,True,True,True,"NEK2, UBE2C, PTTG1, PSMB2, CDC20"
KEGG: Proteasome,0.6601531610364895,0.9777777777777777,1.0,0.9782608695652174,0.2180122614512453,0.12128011377951109,46,45,44,True,True,True,"PSMB2, PSMA8, IFNG, PSMB3, PSMC4"
Reactome: AURKA Activation By TPX2 R-HSA-8854518,0.6600321799700332,1.0,1.0,0.9861111111111112,0.22204713432614276,0.0885304321906899,72,71,71,True,True,True,"CEP41, NEK2, TPX2, PRKCA, AURKA"
Reactome: Transcriptional Regulation By RUNX3 R-HSA-8878159,0.6593203933139011,1.0,1.0,0.968421052631579,0.22655248376741113,0.09373369332841051,95,92,92,True,True,True,"MYC, CDKN2A, YAP1, PSMB2, MAML3"
Reactome: APC/C:Cdc20 Mediated Degradation Of Mitotic Proteins R-HSA-176409,0.6590575246213906,0.972972972972973,1.0,0.9866666666666667,0.23631832125374208,0.0959963288802373,75,74,72,True,True,True,"NEK2, UBE2C, PTTG1, PSMB2, CDC20"
Reactome: Cyclin E Associated Events During G1/S Transition R-HSA-69202,0.6589879401651925,1.0,1.0,0.9878048780487805,0.24010254356192368,0.06398349872745324,82,81,81,True,True,True,"MYC, AKT1, AKT3, E2F1, CKS1B"
Reactome: APC/C:Cdh1 Mediated Degradation Of Cdc20 And APC/C:Cdh1 Targets In Late Mitosis/Early G1 R-HSA-174178,0.6588952506613678,0.9722222222222222,1.0,0.9863013698630136,0.23780049423063776,0.09472750945671901,73,72,70,True,True,True,"UBE2C, PTTG1, PSMB2, AURKB, AURKA"
Reactome: APC/C-mediated Degradation Of Cell Cycle Proteins R-HSA-174143,0.6587666205199811,0.9767441860465116,1.0,0.9885057471264368,0.24418762026886853,0.08152198593969842,87,86,84,True,True,True,"NEK2, UBE2C, PTTG1, PSMB2, AURKB"
Reactome: Signaling By B Cell Receptor (BCR) R-HSA-983705,0.6586768692794838,0.9814814814814815,1.0,0.9908256880733946,0.23820116617201573,0.08058243268887559,109,108,106,True,True,True,"FYN, PIK3R1, TRPC1, PPP3R1, NFKBIA"
Reactome: Negative Regulation Of NOTCH4 Signaling R-HSA-9604323,0.6582124275690682,1.0,1.0,0.9811320754716981,0.21147938791315682,0.09373369332841051,53,52,52,True,True,True,"AKT1, PSMB2, NOTCH4, PSMB3, TACC3"
Reactome: Metabolism Of Polyamines R-HSA-351202,0.6580550757349249,0.9649122807017544,1.0,0.9827586206896551,0.23886402635295245,0.09943010610267648,58,57,55,True,True,True,"AGMAT, PSMB2, SLC25A21, PSMA8, OAZ3"
Reactome: Degradation Of AXIN R-HSA-4641257,0.6580087002346712,0.9811320754716981,1.0,0.9814814814814815,0.21600352136627293,0.10679679322427384,54,53,52,True,True,True,"PSMB2, AXIN2, TNKS, PSMA8, PSMB3"
Reactome: Cellular Response To Hypoxia R-HSA-1234174,0.6574350280556923,0.9857142857142858,1.0,0.958904109589041,0.22827429663979937,0.10400847573259535,73,70,69,True,True,True,"CA9, CITED2, PSMB2, VEGFA, EPX"
Reactome: Anchoring Of Basal Body To Plasma Membrane R-HSA-5620912,0.656950219200416,1.0,1.0,0.979381443298969,0.20944185505527718,0.09077315847257553,97,95,95,True,True,True,"CEP41, NEK2, PRKCA, KIF24, AHI1"
Reactome: Orc1 Removal From Chromatin R-HSA-68949,0.6568857993100476,0.9852941176470589,1.0,0.9855072463768116,0.2082851532029352,0.10171929091763593,69,68,67,True,True,True,"PSMB2, CDC6, PSMA8, PSMB3, MCM4"
Reactome: Switching Of Origins To A Post-Replicative State R-HSA-69052,0.6568494012744968,0.9775280898876404,1.0,0.9888888888888889,0.22069742140957363,0.09435482840860332,90,89,87,True,True,True,"UBE2C, PSMB2, CDC6, ANAPC11, ANAPC4"
Reactome: Neddylation R-HSA-8951664,0.6567828003058755,0.9828326180257511,1.0,0.9831223628691983,0.23165961094448467,0.08208000040724309,237,233,229,True,True,True,"CCNF, BIRC5, ZBTB16, FBXL22, FBXL7"
Reactome: Cyclin A:Cdk2-associated Events At S Phase Entry R-HSA-69656,0.6565688636393955,1.0,1.0,0.9880952380952381,0.23321418412858394,0.05855870549696515,84,83,83,True,True,True,"MYC, AKT1, AKT3, E2F1, CKS1B"
Reactome: Stabilization Of P53 R-HSA-69541,0.6565349857857306,0.9818181818181818,1.0,0.9821428571428571,0.21596409055813146,0.09828551369519675,56,55,54,True,True,True,"CDKN2A, PSMB2, PSMA8, PSMB3, PSMC4"
Reactome: Degradation Of GLI2 By Proteasome R-HSA-5610783,0.6564506740609122,0.9827586206896551,1.0,0.9830508474576272,0.22550427935084114,0.0867023346708442,59,58,57,True,True,True,"GLI2, PRKCA, PSMB2, PRKACB, PRKACG"
Reactome: Asymmetric Localization Of PCP Proteins R-HSA-4608870,0.6563194381886512,0.9672131147540983,1.0,0.9838709677419355,0.2250369834752098,0.10144386690749638,62,61,59,True,True,True,"PRICKLE1, FZD4, PSMB2, WNT5A, FZD2"
KEGG: Pathways of neurodegeneration,0.6561683611105109,0.9671052631578947,1.0,0.96,0.2779176805710949,0.06581886182356476,475,456,441,True,True,True,"NEFM, WNT4, COX7A1, RYR3, WNT9A"
Reactome: APC:Cdc20 Mediated Degradation Of Cell Cycle Proteins Before Cycle Checkpoint Satisfied R-HSA-179419,0.656150336808348,0.9722222222222222,1.0,0.9863013698630136,0.22407592496553874,0.09472750945671901,73,72,70,True,True,True,"NEK2, UBE2C, PSMB2, CDC20, ANAPC11"
Reactome: Regulation Of PLK1 Activity At G2/M Transition R-HSA-2565942,0.6558264366243726,1.0,1.0,0.9885057471264368,0.21379617859128014,0.073956694185755,87,86,86,True,True,True,"PPP1R12B, CEP41, NEK2, CCNB2, PRKCA"
Reactome: GLI3 Is Processed To GLI3R By Proteasome R-HSA-5610785,0.6552785556631157,0.9827586206896551,1.0,0.9830508474576272,0.21964368736185855,0.0867023346708442,59,58,57,True,True,True,"GLI3, PRKCA, PSMB2, PRKACB, PRKACG"
Reactome: Nuclear Envelope (NE) Reassembly R-HSA-2995410,0.6551462138818608,1.0,1.0,0.96,0.2174817741405949,0.08824929526870944,75,72,72,True,True,True,"CCNB2, UBE2I, NUP37, NUP155, TUBA8"
Reactome: Class I MHC Mediated Antigen Processing And Presentation R-HSA-983169,0.6550781175051389,0.9838709677419355,1.0,0.9841269841269841,0.23296110067371814,0.07046328101480331,378,372,366,True,True,True,"CCNF, VAMP8, ZBTB16, FBXL22, FBXL7"
Reactome: TCF Dependent Signaling In Response To WNT R-HSA-201681,0.6548899666384866,0.9820359281437125,1.0,0.8434343434343434,0.3245350406501665,0.08530310682279736,198,167,164,True,True,True,"SFRP1, MYC, RSPO1, RSPO3, AKT1"
Reactome: APC/C:Cdc20 Mediated Degradation Of Securin R-HSA-174154,0.6546276670616807,0.9696969696969697,1.0,0.9850746268656716,0.21634988176698333,0.09828551369519675,67,66,64,True,True,True,"UBE2C, PTTG1, PSMB2, CDC20, ANAPC11"
Reactome: Ubiquitin Mediated Degradation Of Phosphorylated Cdc25A R-HSA-69601,0.6545771408235137,0.98,1.0,0.9803921568627451,0.20358311073791427,0.10400847573259535,51,50,49,True,True,True,"PSMB2, PSMA8, PSMB3, CHEK1, PSMC4"
Reactome: Degradation Of Beta-Catenin By Destruction Complex R-HSA-195253,0.6545346624291408,0.9878048780487805,1.0,0.9761904761904762,0.2263839397455142,0.07634163720855261,84,82,81,True,True,True,"MYC, PSMB2, TLE4, AXIN2, PROC"
Reactome: Loss Of Nlp From Mitotic Centrosomes R-HSA-380259,0.6544574197005656,1.0,1.0,0.9855072463768116,0.1955915453468864,0.0875651183733329,69,68,68,True,True,True,"CEP41, NEK2, PRKCA, CEP72, PLK1"
Reactome: Autodegradation Of E3 Ubiquitin Ligase COP1 R-HSA-349425,0.6542556637043943,0.98,1.0,0.9803921568627451,0.20197572514231732,0.10400847573259535,51,50,49,True,True,True,"PSMB2, PSMA8, PSMB3, PSMC4, CARD16"
Reactome: Transcriptional Regulation By RUNX1 R-HSA-8878171,0.6538974695593566,0.9885057471264368,1.0,0.8529411764705882,0.30410244011129445,0.08717327820611015,204,174,172,True,True,True,"RSPO3, ESR1, ABL1, LDB2, MYL9"
Reactome: Cdc20:Phospho-APC/C Mediated Degradation Of Cyclin A R-HSA-174184,0.6537113564380252,0.971830985915493,1.0,0.9861111111111112,0.2125391805006194,0.09460328244068045,72,71,69,True,True,True,"UBE2C, PSMB2, CDC20, ANAPC11, ANAPC4"
Reactome: SCF(Skp2)-mediated Degradation Of P27/P21 R-HSA-187577,0.6533966811601839,1.0,1.0,0.9830508474576272,0.19126615262647295,0.08842911758122617,59,58,58,True,True,True,"CKS1B, PSMB2, CCNE2, PSMB3, PSMC4"
Reactome: Intra-Golgi And Retrograde Golgi-to-ER Traffic R-HSA-6811442,0.6533800354813525,0.9833333333333333,1.0,0.994475138121547,0.24371477157429225,0.04399571890797629,181,180,177,True,True,True,"KIF1A, RAB30, KIF12, KIF21B, MAN1C1"
Reactome: CDK-mediated Phosphorylation And Removal Of Cdc6 R-HSA-69017,0.6533747180109893,0.971830985915493,1.0,0.9861111111111112,0.21085598836543995,0.09460328244068045,72,71,69,True,True,True,"UBE2C, PSMB2, CDC6, ANAPC11, ANAPC4"
Reactome: COPI-independent Golgi-to-ER Retrograde Traffic R-HSA-6811436,0.6533145008901214,1.0,1.0,1.0,0.19726799819888588,0.06930450625172127,34,34,34,True,True,True,"BICD1, DYNC1I1, CAPZA3, DCTN2, DCTN6"
Reactome: Programmed Cell Death R-HSA-5357801,0.6529736662656012,0.9898477157360406,1.0,0.9471153846153846,0.2624865875049263,0.052197489625499964,208,197,195,True,True,True,"CLSPN, AKT1, CDKN2A, TJP1, AKT3"
KEGG: Alzheimer disease,0.6528842463442798,0.9630681818181818,1.0,0.9539295392953929,0.2736664112154965,0.062239484216175825,369,352,339,True,True,True,"AKT1, WNT4, COX7A1, RYR3, IRS1"
Reactome: Regulation Of RUNX2 Expression And Activity R-HSA-8939902,0.6526707723290309,0.9859154929577465,1.0,0.9861111111111112,0.2256475106008888,0.062207524753186284,72,71,70,True,True,True,"ESR1, TWIST1, PSMB2, DLX6, DLX5"
Reactome: FBXL7 Down-Regulates AURKA During Mitotic Entry And In Early Mitosis R-HSA-8854050,0.6525632011171589,0.9811320754716981,1.0,0.9814814814814815,0.2018391256745748,0.09373369332841051,54,53,52,True,True,True,"FBXL7, PSMB2, AURKA, PSMA8, PSMB3"
Reactome: Degradation Of GLI1 By Proteasome R-HSA-5610780,0.6525465875906732,0.9827586206896551,1.0,0.9830508474576272,0.218127231713198,0.07455894995729208,59,58,57,True,True,True,"GLI1, PRKCA, PSMB2, PRKACB, PRKACG"
Reactome: Regulation Of RUNX3 Expression And Activity R-HSA-8941858,0.6524509907895495,1.0,1.0,0.9814814814814815,0.18228592249218728,0.09385792034444908,54,53,53,True,True,True,"CDKN2A, PSMB2, PSMB3, RUNX3, PSMC4"
Reactome: TCR Signaling R-HSA-202403,0.6522575779925528,0.956140350877193,1.0,0.9827586206896551,0.24162438144624185,0.0764541921220875,116,114,109,True,True,True,"PTEN, PIK3R1, EVL, CD247, NFKBIA"
Reactome: ABC Transporter Disorders R-HSA-5619084,0.6522429527840753,0.9736842105263158,1.0,0.987012987012987,0.21085076962648988,0.08642004350782997,77,76,74,True,True,True,"PSMB2, RNF5, ABCC2, PSMA8, PSMB3"
Reactome: Signaling By NOTCH R-HSA-157118,0.6518781820670797,1.0,1.0,0.8472906403940886,0.2971367677354211,0.07678616230441139,203,172,172,True,True,True,"MYC, HEYL, AKT1, ACTA2, E2F1"
Reactome: Host Interactions Of HIV Factors R-HSA-162909,0.651559051135454,0.992,1.0,0.9615384615384616,0.21789018328249113,0.07675122624093249,130,125,124,True,True,True,"FYN, HMGA1, CD247, RNASE1, PSMB2"
Reactome: Hedgehog Ligand Biogenesis R-HSA-5358346,0.6511879015704644,0.9682539682539683,1.0,0.984375,0.20455255312559592,0.09485173647275758,64,63,61,True,True,True,"PSMB2, SCUBE2, IHH, NOTUM, PSMA8"
Reactome: Dectin-1 Mediated Noncanonical NF-kB Signaling R-HSA-5607761,0.6508189038598355,0.9833333333333333,1.0,0.9836065573770492,0.1920137898045097,0.09104247812854749,61,60,59,True,True,True,"PSMB2, CCL22, RELB, PSMA8, PSMB3"
Reactome: Autodegradation Of Cdh1 By Cdh1:APC/C R-HSA-174084,0.6504463246039537,0.9838709677419355,1.0,0.9841269841269841,0.18665595087022327,0.09360946631237195,63,62,61,True,True,True,"UBE2C, PSMB2, ANAPC11, ANAPC4, PSMB3"
Reactome: Activation Of NF-kappaB In B Cells R-HSA-1169091,0.650435057154787,0.9846153846153847,1.0,0.9848484848484849,0.1942985298532002,0.08462500766898635,66,65,64,True,True,True,"NFKBIA, PSMB2, NFKBIE, PSMA8, PSMB3"
Reactome: Degradation Of DVL R-HSA-4641258,0.6504153300335012,0.9814814814814815,1.0,0.9818181818181818,0.1877317632409451,0.09649976908144228,55,54,53,True,True,True,"DACT1, PSMB2, PSMA8, PSMB3, PSMC4"
Reactome: G2/M Checkpoints R-HSA-69481,0.6503996355807588,0.9841269841269841,1.0,0.8513513513513513,0.2675843364101149,0.11177334385318162,148,126,124,True,True,True,"CLSPN, CDC45, RFC4, CCNB2, EXO1"
Reactome: Mitotic G2-G2/M Phases R-HSA-453274,0.65030018172645,0.978021978021978,1.0,0.9891304347826086,0.21616326035792624,0.0654678441653893,184,182,178,True,True,True,"MYBL2, PPP1R12B, FBXL7, E2F1, CEP41"
Reactome: Regulation Of Activated PAK-2p34 By Proteasome Mediated Degradation R-HSA-211733,0.6502028489973415,0.9791666666666666,1.0,0.9795918367346939,0.18543440985138465,0.10171929091763593,49,48,47,True,True,True,"PSMB2, PSMA8, PSMB3, PSMC4, PSMD8"
Reactome: CLEC7A (Dectin-1) Signaling R-HSA-5607764,0.65004277606731,0.9795918367346939,1.0,0.98989898989899,0.20212405230499297,0.07607374887262056,99,98,96,True,True,True,"CLEC7A, PPP3R1, NFKBIA, PSMB2, IL1B"
Reactome: Apoptosis R-HSA-109581,0.6499478617976723,0.9880952380952381,1.0,0.9438202247191011,0.25844313035614713,0.045335771997650424,178,168,166,True,True,True,"CLSPN, AKT1, CDKN2A, TJP1, AKT3"
Reactome: Oxygen-dependent Proline Hydroxylation Of Hypoxia-inducible Factor Alpha R-HSA-1234176,0.6499118149699585,0.9836065573770492,1.0,0.953125,0.19595569933266813,0.10515306814007508,64,61,60,True,True,True,"PSMB2, PSMA8, EGLN3, PSMB3, EPAS1"
Reactome: Regulation Of Apoptosis R-HSA-169911,0.6498675870269925,0.9803921568627451,1.0,0.9807692307692307,0.17821578705521973,0.10515306814007508,52,51,50,True,True,True,"PSMB2, PSMA8, PSMB3, PSMC4, PSMD8"
Reactome: Vpu Mediated Degradation Of CD4 R-HSA-180534,0.6493682061657013,0.98,1.0,0.9803921568627451,0.18694363074076764,0.09460328244068045,51,50,49,True,True,True,"PSMB2, PSMA8, PSMB3, PSMC4, PSMD8"
Reactome: G2/M Transition R-HSA-69275,0.6492450476362008,0.9777777777777777,1.0,0.989010989010989,0.21146095639960102,0.06522826224538335,182,180,176,True,True,True,"MYBL2, PPP1R12B, FBXL7, CEP41, NEK2"
Reactome: FCERI Mediated NF-kB Activation R-HSA-2871837,0.6489123472707198,0.987012987012987,1.0,0.9871794871794872,0.19226443676008256,0.07489969719591402,78,77,76,True,True,True,"RASGRP2, NFKBIA, PSMB2, RASGRP4, PDPK1"
Reactome: Metabolism Of Amino Acids And Derivatives R-HSA-71291,0.6488923783903346,0.9596541786743515,1.0,0.9532967032967034,0.24547934197429724,0.07435584383049676,364,347,333,True,True,True,"CDO1, RIMKLA, DIO3, HAAO, CKMT2"
Reactome: Regulation Of RAS By GAPs R-HSA-5658442,0.6485855276932833,0.984375,1.0,0.9846153846153847,0.1766749704283262,0.093416129576552,65,64,63,True,True,True,"PSMB2, PSMA8, PSMB3, RASAL1, PSMC4"
Reactome: Regulation Of APC/C Activators Between G1/S And Early Anaphase R-HSA-176408,0.6485301376877328,0.9746835443037974,1.0,0.9875,0.20594376231875372,0.07139838181611287,80,79,77,True,True,True,"UBE2C, PSMB2, CDC20, ANAPC11, ANAPC4"
Reactome: Defective CFTR Causes Cystic Fibrosis R-HSA-5678895,0.6484565129883832,0.9830508474576272,1.0,0.9833333333333333,0.18120343237386363,0.09052828511042539,60,59,58,True,True,True,"PSMB2, RNF5, PSMA8, PSMB3, CFTR"
Reactome: Antigen Processing: Ubiquitination And Proteasome Degradation R-HSA-983168,0.6484003541033148,0.9800664451827242,1.0,0.9804560260586319,0.20779853211395347,0.06879477367592182,307,301,295,True,True,True,"CCNF, ZBTB16, FBXL22, FBXL7, RNF144B"
Reactome: Downstream TCR Signaling R-HSA-202424,0.6481904893344054,0.946236559139785,1.0,0.9893617021276596,0.2265137067295037,0.07618090420699336,94,93,88,True,True,True,"PTEN, PIK3R1, CD247, NFKBIA, PIK3CA"
Reactome: NIK To Noncanonical NF-kB Signaling R-HSA-5676590,0.6478575808239057,0.9824561403508771,1.0,0.9827586206896551,0.18257080239859957,0.08719199585281082,58,57,56,True,True,True,"PSMB2, RELB, PSMA8, PSMB3, PSMC4"
Reactome: Recruitment Of NuMA To Mitotic Centrosomes R-HSA-380320,0.6478346163330997,0.9873417721518988,1.0,0.9875,0.18001588053839604,0.08119042897520382,80,79,78,True,True,True,"CEP41, NEK2, PRKCA, CEP72, PLK1"
Reactome: Downstream Signaling Events Of B Cell Receptor (BCR) R-HSA-1168372,0.6477087656564249,0.9743589743589743,1.0,0.9873417721518988,0.19309609212035075,0.08058243268887559,79,78,76,True,True,True,"PPP3R1, NFKBIA, PSMB2, NFKBIE, PSMA8"
Reactome: Hh Mutants Abrogate Ligand Secretion R-HSA-5387390,0.6470753462098197,0.9649122807017544,1.0,0.9827586206896551,0.18396537872742563,0.09943010610267648,58,57,55,True,True,True,"PSMB2, IHH, PSMA8, PSMB3, PSMC4"
Reactome: Cilium Assembly R-HSA-5617833,0.6461119824051728,0.994413407821229,1.0,0.9623655913978495,0.19742296967197248,0.06694934098427482,186,179,178,True,True,True,"CEP41, DYNLRB2, RHO, NEK2, PRKCA"
Reactome: M Phase R-HSA-68886,0.6460764985126012,0.9910979228486647,1.0,0.8868421052631579,0.23953064358787396,0.08462234717909843,380,337,334,True,True,True,"BIRC5, SPC25, BUB1, SKA1, CEP41"
KEGG: Huntington disease,0.6460443254534851,0.9620689655172414,1.0,0.9477124183006536,0.23641842762234452,0.07094992040234895,306,290,279,True,True,True,"COX7A1, HAP1, GRIA2, CREB3L1, MAPK10"
Reactome: Transport To Golgi And Subsequent Modification R-HSA-948021,0.645786913978855,0.9938650306748467,1.0,0.9939024390243902,0.20922432271624697,0.030418387234888492,164,163,162,True,True,True,"MGAT4C, CTSZ, CHGA, ANK2, ANK3"
Reactome: HIV Infection R-HSA-162906,0.6456302438766648,0.9863636363636363,1.0,0.9606986899563319,0.20263024405599567,0.06863332149644302,229,220,217,True,True,True,"FYN, RNMT, TAF7L, HMGA1, CD247"
Reactome: Asparagine N-linked Glycosylation R-HSA-446203,0.6455815437447106,0.9856115107913669,1.0,0.9858156028368794,0.2194008881267767,0.03353361767774926,282,278,274,True,True,True,"ST6GAL2, MGAT4C, RENBP, CTSZ, CHGA"
Reactome: Ubiquitin-dependent Degradation Of Cyclin D R-HSA-75815,0.6454344890709679,0.98,1.0,0.9803921568627451,0.17180740443229708,0.0900709232754837,51,50,49,True,True,True,"PSMB2, PSMA8, PSMB3, PSMC4, PSMD8"
KEGG: Amyotrophic lateral sclerosis,0.645006926928609,0.9653179190751445,1.0,0.9505494505494505,0.23369326029883725,0.0631113673569747,364,346,334,True,True,True,"NEFM, NRG2, COX7A1, GRIN2D, GRIN2A"
Reactome: SCF-beta-TrCP Mediated Degradation Of Emi1 R-HSA-174113,0.6448825851206046,0.9811320754716981,1.0,0.9814814814814815,0.17910131890127926,0.07806842011893456,54,53,52,True,True,True,"PSMB2, CDC20, PSMA8, PSMB3, PSMC4"
KEGG: Herpes simplex virus 1 infection,0.6446311155316221,0.9405737704918032,1.0,0.9799196787148594,0.24078108460549913,0.056860963524663646,498,488,459,True,True,True,"AKT1, ZNF282, AKT3, ITGB3, EIF2AK4"
Reactome: DNA Replication R-HSA-69306,0.6446302685147945,0.984,1.0,0.8064516129032258,0.26578791300939664,0.11852471988715685,155,125,123,True,True,True,"CDC45, RFC4, PRIM1, UBE2C, PSMB2"
Reactome: Vif-mediated Degradation Of APOBEC3G R-HSA-180585,0.6441616358346074,0.98,1.0,0.9433962264150944,0.17925253362912075,0.10400847573259535,53,50,49,True,True,True,"PSMB2, PSMA8, PSMB3, PSMC4, PSMD8"
Reactome: GSK3B And BTRC:CUL1-mediated-degradation Of NFE2L2 R-HSA-9762114,0.6439776800529345,1.0,1.0,0.9803921568627451,0.1594884592571709,0.07510582336044266,51,50,50,True,True,True,"PSMB2, PSMB3, PSMC4, PSMD8, PSMB6"
Reactome: Hh Mutants Are Degraded By ERAD R-HSA-5362768,0.6431036199085339,0.9629629629629629,1.0,0.9818181818181818,0.17019517133583298,0.0959963288802373,55,54,52,True,True,True,"PSMB2, PSMA8, PSMB3, PSMC4, PSMD8"
KEGG: Parkinson disease,0.6426335598658768,0.9568965517241379,1.0,0.9317269076305221,0.22962382593767142,0.0778522409446832,249,232,222,True,True,True,"COX7A1, RYR3, MAOB, SLC18A2, CAMK2A"
Reactome: Regulation Of mRNA Stability By Proteins That Bind AU-rich Elements R-HSA-450531,0.6414150323734612,0.9770114942528736,1.0,0.9886363636363636,0.17772437037655392,0.06086202451060546,88,87,85,True,True,True,"AKT1, ENPP2, PRKCA, PSMB2, MAPK11"
Reactome: AUF1 (hnRNP D0) Binds And Destabilizes mRNA R-HSA-450408,0.6409523237719404,0.9622641509433962,1.0,0.9814814814814815,0.16277689049282273,0.09360946631237195,54,53,51,True,True,True,"PSMB2, PSMA8, PSMB3, PSMC4, PSMD8"
Reactome: Centrosome Maturation R-HSA-380287,0.640745641717067,0.9625,1.0,0.9876543209876543,0.17067113569971162,0.0798163321448829,81,80,77,True,True,True,"CEP41, NEK2, PRKCA, CEP72, PLK1"
Reactome: Deubiquitination R-HSA-5688426,0.6396704337351068,0.974025974025974,1.0,0.8279569892473119,0.2549058115585428,0.09845264115553312,279,231,225,True,True,True,"MYC, CLSPN, IL33, ESR1, PTEN"
Reactome: Organelle Biogenesis And Maintenance R-HSA-1852241,0.6382372871730942,0.9959839357429718,1.0,0.9054545454545454,0.20069218252004448,0.06541940851154567,275,249,248,True,True,True,"MEF2C, CEP41, DYNLRB2, PRKAG3, RHO"
Reactome: ER To Golgi Anterograde Transport R-HSA-199977,0.6359013085628178,1.0,1.0,0.9924812030075187,0.15934983978587536,0.02579580077257428,133,132,132,True,True,True,"CTSZ, ANK2, ANK3, COL7A1, CNIH2"
Reactome: COPI-mediated Anterograde Transport R-HSA-6807878,0.6345535308817227,1.0,1.0,1.0,0.14863556361721925,0.024132090791394247,80,80,80,True,True,True,"ANK2, ANK3, COPZ2, DYNC1I1, INS"
Reactome: Signaling By ROBO Receptors R-HSA-376176,0.633219035129244,0.9560975609756097,1.0,0.9808612440191388,0.18401155042922457,0.04034013122703198,209,205,196,True,True,True,"CXCL12, ABL1, LDB2, SLIT2, COL4A5"
Reactome: DNA Replication Pre-Initiation R-HSA-69002,0.6325484601016994,0.9896907216494846,1.0,0.7637795275590551,0.2414236092585708,0.10879332393115,127,97,96,True,True,True,"CDC45, PRIM1, UBE2C, PSMB2, CDC6"
Reactome: Ub-specific Processing Proteases R-HSA-5689880,0.6309757877998232,0.9681528662420382,1.0,0.7810945273631841,0.25656586104516255,0.09433931618952739,201,157,152,True,True,True,"MYC, CLSPN, IL33, PTEN, NFKBIA"
Reactome: RUNX1 Regulates Transcription Of Genes Involved In Differentiation Of HSCs R-HSA-8939236,0.6274996072434812,0.9852941176470589,1.0,0.6938775510204082,0.2874409268964381,0.09435482840860332,98,68,67,True,True,True,"ABL1, LDB2, TAL1, YAP1, LMO2"
Reactome: UCH Proteinases R-HSA-5689603,0.627278753260932,0.963855421686747,1.0,0.8736842105263158,0.17306009754968715,0.09421508917348882,95,83,80,True,True,True,"PSMB2, PSMA8, UCHL1, PSMB3, RUVBL1"
Reactome: Processing Of Capped Intron-Containing Pre-mRNA R-HSA-72203,0.6268352586165222,0.9789915966386554,1.0,0.9834710743801653,0.1252591081843535,0.04232228247447863,242,238,233,True,True,True,"EIF4A3, PRPF38A, CPSF1, ELAVL2, NUP37"
Reactome: mRNA Splicing - Major Pathway R-HSA-72163,0.6259476901115965,0.9832402234636871,1.0,0.988950276243094,0.12885795497352534,0.025927564938449485,181,179,176,True,True,True,"EIF4A3, PRPF38A, CPSF1, ELAVL2, RBM8A"
Reactome: mRNA Splicing R-HSA-72172,0.625192117884702,0.983957219251337,1.0,0.9894179894179894,0.12415044667348957,0.025789431435191256,189,187,184,True,True,True,"EIF4A3, PRPF38A, CPSF1, ELAVL2, RBM8A"
Reactome: Regulation Of Expression Of SLITs And ROBOs R-HSA-9010553,0.6219846451965197,0.9451219512195121,1.0,0.9820359281437125,0.14161457505191077,0.03665975360339112,167,164,155,True,True,True,"LDB2, SLIT2, COL4A5, RPL39L, ROBO2"
Reactome: Assembly Of Pre-Replicative Complex R-HSA-68867,0.6178540787660916,0.9875,1.0,0.7272727272727273,0.21171256593523158,0.09460328244068045,110,80,79,True,True,True,"UBE2C, PSMB2, CDC6, ANAPC11, ANAPC4"
Reactome: Mitotic Prophase R-HSA-68875,0.6036998462804506,1.0,1.0,0.7053571428571429,0.1952236843161886,0.04425768994320706,112,79,79,True,True,True,"RAB33B, CCNB2, PRKCA, NUP37, NUP155"
KEGG: Spliceosome,0.6026852586548895,0.9136690647482014,1.0,0.9266666666666666,0.13047635524929577,0.024280873276950235,150,139,127,True,True,True,"EIF4A3, HSPA6, PRPF38A, HSPA2, SNRPD1"
