Gene,P_g,T_g,C_g,D_g,K_g,PCBS,n_components
SFRP4,0.0,1.0,0.6772396735333216,1.0,0.0,0.5354479347066643,3
OGN,0.0,0.8686845557475434,1.0,0.6667,0.0,0.5070769111495087,3
DCHS1,0.0,0.8643535319982092,0.3015734887109604,1.0,0.0,0.43318540414183393,3
ALDH1A2,0.0,0.5533038414943029,0.6044981666643482,1.0,0.0,0.43156040163173026,3
FOXL2,0.0,0.5950705735455151,0.47153787812295356,1.0,0.0,0.41332169033369376,3
ISLR,0.0,0.7016886625411621,0.31743873169953896,1.0,0.0,0.40382547884814024,3
CYP19A1,0.0,0.0,0.0,1.0,1.0,0.4,2
PEG3,0.0,0.606226502156739,0.7095116747349802,0.6667,0.0,0.39648763537834386,3
GPR133,0.0,0.670824353756477,0.6253336615852625,0.6667,0.0,0.39257160306834793,3
RUNX1T1,0.0,0.4278296140648121,0.5083037830525259,1.0,0.0,0.3872266794234676,3
IGF1,0.0,0.4296606670418423,0.292615472550201,1.0,0.2,0.3844552279184087,4
WT1,0.0,0.0,0.6208230293260548,0.6667,0.6,0.37750460586521095,3
CYP11A1,0.0,0.0,0.3202107691726282,0.527,1.0,0.36944215383452567,3
TWIST2,0.0,0.40741450176282085,0.4374150811378537,1.0,0.0,0.36896591658013494,3
SFRP1,0.0,0.41491434464890903,0.4193117965213086,1.0,0.0,0.36684522823404353,3
EDNRA,0.0,0.36662304300895937,0.41767617856925343,1.0,0.0,0.35685984431564255,3
P2RY14,0.0,0.4193971579660637,0.3257158604799432,1.0,0.0,0.3490226036892014,3
TMEM132C,0.0,0.0,0.7084804896296976,1.0,0.0,0.3416960979259395,2
DPP6,0.0,0.4153940730611987,0.6233099460749464,0.6667,0.0,0.34108080382722905,3
ZCCHC12,0.0,0.0,0.6933762856209348,1.0,0.0,0.338675257124187,2
CCL21,0.0,0.0,0.6782299327017302,1.0,0.0,0.33564598654034605,2
SPP1,0.0,0.258381467119243,0.405358235928766,1.0,0.0,0.33274794060960183,3
NID1,0.0,0.3659238773454603,0.26585043081318627,1.0,0.0,0.32635486163172933,3
PTH1R,0.0,0.22827005928549693,0.39467746179610774,1.0,0.0,0.32458950421632093,3
PAMR1,0.0,0.24465367054903714,0.3593604529614555,1.0,0.0,0.32080282470209853,3
SLC24A3,0.0,0.4161086362079446,0.5037310630459689,0.6667,0.0,0.3173079398507827,3
CD248,0.0,0.3259190156039345,0.2599564189001565,1.0,0.0,0.3171750869008182,3
NDN,0.0,0.4199853386562019,0.4942266147744422,0.6667,0.0,0.31618239068612886,3
LTBP4,0.0,0.4580017430002487,0.4549806941611076,0.6667,0.0,0.3159364874322712,3
GPR124,0.0,0.18140650352426485,0.3961628068710938,1.0,0.0,0.3155138620790717,3
TCEAL7,0.0,0.3895912261219513,0.5212092334591679,0.6667,0.0,0.31550009191622386,3
ECM2,0.0,0.3654259347368344,0.5351654147093537,0.6667,0.0,0.31345826988923764,3
TGFB1I1,0.0,0.4618880074573435,0.43238573337564584,0.6667,0.0,0.31219474816659787,3
CPXM1,0.0,0.45495738794789425,0.10494376273101222,1.0,0.0,0.3119802301357813,3
PRICKLE2,0.0,0.2629910654240172,0.29156818908604,1.0,0.0,0.31091185090201146,3
KIF1A,0.0,0.0,0.5511041453060319,1.0,0.0,0.3102208290612064,2
C7,0.0,0.0,0.8792626552594979,0.6667,0.0,0.3091925310518996,2
ADH1B,0.0,0.0,0.8763908949355856,0.6667,0.0,0.30861817898711713,2
OSR2,0.0,0.6460843176271023,0.5363937606247197,0.3512,0.0,0.30673561565036445,3
NEFM,0.0,0.0,0.532838925885902,1.0,0.0,0.3065677851771804,2
CORO2B,0.0,0.11804649651223069,0.40267210552130445,1.0,0.0,0.30414372040670706,3
PAPPA,0.0,0.39452929266553904,0.4574521927075266,0.6667,0.0,0.30373629707461314,3
CXCL12,0.0,0.30935799293033756,0.5424039550266325,0.6667,0.0,0.303692389591394,3
WISP2,0.0,0.0,0.5172381727700437,1.0,0.0,0.30344763455400875,2
DES,0.0,0.0,0.8416937371501796,0.6667,0.0,0.3016787474300359,2
ASPN,0.0,0.339499167512238,0.49932099852384965,0.6667,0.0,0.30110403320721757,3
NRXN2,0.0,0.13546816530085345,0.3692577814914439,1.0,0.0,0.3009451893584595,3
ZFPM2,0.0,0.25507409074230153,0.5823976147822392,0.6667,0.0,0.30083434110490814,3
FAM13C,0.0,0.0,0.5038223711260483,1.0,0.0,0.3007644742252097,2
PGR,0.0,0.0,0.30314380242775396,1.0,0.2,0.30062876048555087,3
RBM24,0.0,0.3755387754682829,0.46034788837125334,0.6667,0.0,0.30051733276790726,3
C9orf3,0.0,0.0,0.23523317836438334,0.6667,0.6,0.30038663567287666,3
DCN,0.0,0.3037023597294975,0.5302730836642995,0.6667,0.0,0.3001350886787594,3
MRGPRF,0.0,0.28225123237462096,0.5495064176957467,0.6667,0.0,0.29969153001407356,3
C1QTNF7,0.0,0.0,0.4973636511683669,1.0,0.0,0.2994727302336734,2
PI15,0.0,0.0,0.49400112902299065,1.0,0.0,0.29880022580459814,2
DIO3OS,0.0,0.12323327107805537,0.3614495538799897,1.0,0.0,0.29693656499160903,3
MYH11,0.0,0.0,0.8169031675517688,0.6667,0.0,0.29672063351035377,2
ADAMTSL5,0.0,0.0,0.47853933627870515,1.0,0.0,0.29570786725574105,2
SRPX,0.0,0.33723968967975,0.4739172387143732,0.6667,0.0,0.2955713856788246,3
PPAP2A,0.0,0.249913818816286,0.22698402510432802,1.0,0.0,0.2953795687841228,3
GREB1,0.0,0.2879335906178376,0.1884597456632421,1.0,0.0,0.295278667256216,3
LMOD1,0.0,0.14929954555237815,0.6571329616643868,0.6667,0.0,0.294626501443353,3
PRND,0.0,0.0,0.4709060157261737,1.0,0.0,0.29418120314523477,2
MYC,0.0,0.0,0.04384917045712269,0.8254,0.6,0.2938498340914245,3
FHL1,0.0,0.4375879706604603,0.5863821500194158,0.4449,0.0,0.29377402413597525,3
KIAA1210,0.0,0.32470758645359166,0.47669546339920776,0.6667,0.0,0.29362060997055983,3
DENND2A,0.0,0.1331741720424368,0.33266427215721867,1.0,0.0,0.2931676888399311,3
PKNOX2,0.0,0.0,0.4573406182083338,1.0,0.0,0.2914681236416668,2
DPT,0.0,0.0,0.7832058561739851,0.6667,0.0,0.28998117123479705,2
NR2F2,0.0,0.1523032863616189,0.29649212089451876,1.0,0.0,0.28975908145122753,3
HIC1,0.0,0.3772784519398228,0.4032931140276752,0.6667,0.0,0.28945431319349957,3
SLC1A7,0.0,0.0,0.43891346398461883,1.0,0.0,0.2877826927969238,2
TSHZ3,0.0,0.2882227086825072,0.4838335670122799,0.6667,0.0,0.2877512551389574,3
RAMP1,0.0,0.3089669693476191,0.45961150541210594,0.6667,0.0,0.287055694951945,3
MYOCD,0.0,0.0,0.7662655539034008,0.6667,0.0,0.28659311078068017,2
HEYL,0.0,0.1758629621816443,0.24714869718482196,1.0,0.0,0.28460233187329326,3
GAS1,0.0,0.31111553190458385,0.5627001404432272,0.5449,0.0,0.28374313446956223,3
CNN1,0.0,0.0,0.7498903527761173,0.6667,0.0,0.28331807055522346,2
ZCCHC24,0.0,0.3598692811050566,0.3898171246131224,0.6667,0.0,0.2832772811436358,3
MAMDC2,0.0,0.0,0.7495119953287654,0.6667,0.0,0.2832423990657531,2
AR,0.0,0.0,0.21591403926895872,1.0,0.2,0.2831828078537918,3
ADAMDEC1,0.0,0.0,0.4125579249964725,1.0,0.0,0.2825115849992945,2
GRID1,0.0,0.0,0.4089533196012328,1.0,0.0,0.2817906639202466,2
RSPO1,0.0,0.0,0.7412897911648155,0.6667,0.0,0.2815979582329631,2
COL3A1,0.0,0.222228288642667,0.18328434123708015,1.0,0.0,0.2811025259759494,3
MASP1,0.0,0.0,0.7372770838579653,0.6667,0.0,0.28079541677159303,2
CLSPN,0.0,0.0,0.4018766048934711,1.0,0.0,0.2803753209786942,2
FXYD1,0.0,0.08188797267564353,0.6531213026205948,0.6667,0.0,0.2803418550592477,3
EMILIN1,0.0,0.34766108341105606,0.3870317149585807,0.6667,0.0,0.28027855967392734,3
MMRN1,0.0,0.0,0.39792685888651863,1.0,0.0,0.27958537177730375,2
FILIP1L,0.0,0.0,0.39515712950021253,1.0,0.0,0.27903142590004254,2
GSTM5,0.0,0.09314147573098348,0.6700450510703938,0.6312,0.0,0.27887730536027544,3
JAM2,0.0,0.30470610622366134,0.4215484623040131,0.6667,0.0,0.2785909137055349,3
RDM1,0.0,0.0,0.3901742765723711,1.0,0.0,0.27803485531447425,2
PLN,0.0,0.0,0.7226850655469065,0.6667,0.0,0.2778770131093813,2
IL33,0.0,0.0,0.38395709389421084,1.0,0.0,0.27679141877884217,2
NR2F1,0.0,0.0,0.3833125431466714,1.0,0.0,0.2766625086293343,2
IQSEC3,0.0,0.0,0.38180983621479375,1.0,0.0,0.27636196724295875,2
OMD,0.0,0.0,0.7138765110739278,0.6667,0.0,0.27611530221478553,2
GPRASP1,0.0,0.23429870479525905,0.4783293779237945,0.6667,0.0,0.2758656165438107,3
CLDN4,0.0,0.0,0.37703934391137023,1.0,0.0,0.2754078687822741,2
RSPO3,0.0,0.0,0.5093222142906079,0.6667,0.2,0.27520444285812157,3
HOXA11,0.0,0.3202429913759408,0.04994201174178874,1.0,0.0,0.2740370006235459,3
PHF21B,0.0,0.0,0.36595073175148557,1.0,0.0,0.27319014635029715,2
HSPB8,0.0,0.0,0.36415081858534615,1.0,0.0,0.27283016371706925,2
SLC16A10,0.0,0.0,0.36279379837966036,1.0,0.0,0.27255875967593207,2
IGFBP5,0.0,0.0,0.36235553706633084,1.0,0.0,0.2724711074132662,2
COL14A1,0.0,0.0,0.3621689680808923,1.0,0.0,0.2724337936161785,2
ZNF516,0.0,0.21167718001807972,0.1472411350425495,1.0,0.0,0.27178366301212586,3
CXorf36,0.0,0.0,0.35890806193566216,1.0,0.0,0.27178161238713244,2
RORB,0.0,0.0,0.3569052461700565,1.0,0.0,0.2713810492340113,2
VGLL3,0.0,0.1974266313467396,0.49254155374817093,0.6667,0.0,0.27133363701898205,3
MXRA8,0.0,0.38478093205207714,0.3027988427088492,0.6667,0.0,0.2708559549521853,3
WFDC1,0.0,0.2453373659576249,0.10790113012481467,1.0,0.0,0.2706476992164879,3
LOC101927263,0.0,0.35223292801040296,0.0,1.0,0.0,0.2704465856020806,2
TMEM200B,0.0,0.15868346930390154,0.525211698362393,0.6667,0.0,0.27011903353325895,3
ACTG2,0.0,0.0,0.6830125455467572,0.6667,0.0,0.2699425091093514,2
PTGER3,0.0,0.0,0.6829698069883465,0.6667,0.0,0.2699339613976693,2
FAM131B,0.0,0.0,0.3493076757555518,1.0,0.0,0.2698615351511104,2
AMPH,0.0,0.0,0.3490655269892468,1.0,0.0,0.26981310539784936,2
PTGIS,0.0,0.0,0.6804748535560136,0.6667,0.0,0.2694349707112027,2
MYOC,0.0,0.0,0.34247671668663326,1.0,0.0,0.26849534333732666,2
LSAMP,0.0,0.0,0.3421113414670785,1.0,0.0,0.2684222682934157,2
BCHE,0.0,0.0,0.6746825449983848,0.6667,0.0,0.2682765089996769,2
ECE2,0.0,0.0,0.3407140152093791,1.0,0.0,0.2681428030418758,2
SNAI2,0.0,0.0,0.33786435576493273,1.0,0.0,0.26757287115298656,2
OAF,0.0,0.2306949825900356,0.17261701907923946,0.9314,0.0,0.266942400333855,3
COL6A2,0.0,0.40817090921801225,0.2596461767127354,0.6667,0.0,0.2669034171861495,3
KRT80,0.0,0.0,0.33270797162343135,1.0,0.0,0.26654159432468627,2
ZC3H12B,0.0,0.0,0.3326309679663259,1.0,0.0,0.2665261935932652,2
LRRN4CL,0.0,0.16043742821393195,0.5036304079536259,0.6667,0.0,0.2661535672335116,3
ESR1,0.0,0.0,0.06138693650252064,0.6667,0.6,0.2656173873005041,3
NRG2,0.0,0.0,0.3335522601610706,0.9878,0.0,0.2642704520322141,2
ABL1,0.0,0.16872199495094667,0.15054378755306855,1.0,0.0,0.26385315650080304,3
LDB2,0.0,0.2518604027753787,0.40057337368592905,0.6667,0.0,0.2638267552922615,3
NPR2,0.0,0.0,0.31713833881709613,1.0,0.0,0.26342766776341925,2
UST,0.0,0.29647280949687915,0.35281134215387033,0.6667,0.0,0.26319683033014984,3
GPM6A,0.0,0.0,0.6406727638741824,0.6667,0.0,0.26147455277483644,2
FAM162B,0.0,0.0,0.30689890527049873,1.0,0.0,0.26137978105409976,2
GUCY1A2,0.0,0.0,0.30443887210127174,1.0,0.0,0.26088777442025435,2
ADRA2C,0.0,0.16559250729949854,0.1385995953054647,1.0,0.0,0.26083842052099265,3
NPY5R,0.0,0.0,0.30128582785690505,1.0,0.0,0.260257165571381,2
PDE10A,0.0,0.0,0.2989615884312645,1.0,0.0,0.25979231768625294,2
GLI2,0.0,0.0,0.41460186324827525,0.883,0.0,0.25952037264965505,2
RERGL,0.0,0.0,0.6305775756920727,0.6667,0.0,0.2594555151384145,2
ARHGEF15,0.0,0.0,0.2949076712829622,1.0,0.0,0.2589815342565924,2
COL15A1,0.0,0.0,0.2943523976058279,1.0,0.0,0.2588704795211656,2
PPP1R16B,0.0,0.0,0.2935290306517144,1.0,0.0,0.2587058061303429,2
CA4,0.0,0.0,0.29342719453949634,1.0,0.0,0.2586854389078993,2
GPR182,0.0,0.0,0.2918373087872638,1.0,0.0,0.2583674617574528,2
RERG,0.0,0.0,0.6250859439214645,0.6667,0.0,0.2583571887842929,2
CCBE1,0.0,0.0,0.6204550016375836,0.6667,0.0,0.2574310003275167,2
AKT1,0.0,0.0,0.015428924638793954,0.2708,1.0,0.2572457849277588,3
NMU,0.0,0.0,0.6192811872400269,0.6667,0.0,0.25719623744800535,2
CALCRL,0.0,0.0,0.28564980505692117,1.0,0.0,0.25712996101138424,2
IGFBP4,0.0,0.29543941215812,0.31982304970166864,0.6667,0.0,0.2563924923719577,3
JAM3,0.0,0.23491826971240862,0.38005013012329575,0.6667,0.0,0.25633367996714085,3
CD300LG,0.0,0.0,0.44264124028912605,0.8384,0.0,0.25620824805782527,2
ROBO4,0.0,0.0,0.28034838935363954,1.0,0.0,0.25606967787072793,2
CNRIP1,0.0,0.1958299498866279,0.41693488187702354,0.6667,0.0,0.2558929663527303,3
MCC,0.0,0.0,0.27908750360586143,1.0,0.0,0.2558175007211723,2
PDGFRB,0.0,0.0,0.27889431745987203,1.0,0.0,0.25577886349197443,2
GLIPR1,0.0,0.0,0.27883950203748537,1.0,0.0,0.2557679004074971,2
S1PR3,0.0,0.0,0.2756984473018397,1.0,0.0,0.25513968946036797,2
TM4SF18,0.0,0.0,0.2754883142364194,1.0,0.0,0.2550976628472839,2
GLT8D2,0.0,0.25938485261746036,0.3485484057196472,0.6667,0.0,0.2549266516674215,3
ABCA8,0.0,0.0,0.6077351156309502,0.6667,0.0,0.25488702312619005,2
PAGE4,0.0,0.0,0.6076125780472794,0.6667,0.0,0.2548625156094559,2
S1PR1,0.0,0.0,0.27420441037900123,1.0,0.0,0.25484088207580025,2
KIAA1644,0.0,0.0,0.6069564308896654,0.6667,0.0,0.25473128617793306,2
VTCN1,0.0,0.0,0.2719917377997875,1.0,0.0,0.2543983475599575,2
MYL9,0.0,0.2030012092592998,0.40137193174768,0.6667,0.0,0.25421462820139595,3
PLA2R1,0.0,0.0,0.2710530769832965,1.0,0.0,0.25421061539665935,2
AFF3,0.0,0.0,0.2696381724753859,1.0,0.0,0.2539276344950772,2
KLHL4,0.0,0.0,0.6029290260611958,0.6667,0.0,0.2539258052122392,2
COL4A6,0.0,0.0,0.6025783602296161,0.6667,0.0,0.2538556720459232,2
PTPRB,0.0,0.0,0.26731762783398794,1.0,0.0,0.25346352556679763,2
DNM3OS,0.0,0.26585835001512526,0.0,1.0,0.0,0.2531716700030251,2
PTTG3P,0.0,0.0,0.2657786903101817,1.0,0.0,0.25315573806203634,2
TIE1,0.0,0.0,0.2636772067842804,1.0,0.0,0.2527354413568561,2
PDLIM3,0.0,0.0,0.5959592778629359,0.6667,0.0,0.25253185557258717,2
APBA1,0.0,0.0,0.26206519658983435,1.0,0.0,0.2524130393179669,2
EHD2,0.0,0.26436540277724996,0.33093291284590254,0.6667,0.0,0.25239966312463047,3
TOX3,0.0,0.0,0.0,0.6619,0.6,0.25238000000000005,2
WNT4,0.0,0.22900703362051897,0.36546874731450885,0.6667,0.0,0.25223515618700554,3
P2RX1,0.0,0.0,0.2589401036917711,1.0,0.0,0.25178802073835427,2
KCNIP4,0.0,0.0,0.2571000986175313,1.0,0.0,0.25142001972350625,2
PLXDC1,0.0,0.0,0.2556774090990504,1.0,0.0,0.2511354818198101,2
PTEN,0.0,0.0,0.054499088087851824,1.0,0.2,0.2508998176175704,3
TRH,0.0,0.0,0.5981983240763334,0.6559,0.0,0.25081966481526674,2
BCL6B,0.0,0.0,0.2529529078959174,1.0,0.0,0.2505905815791835,2
FMO1,0.0,0.0,0.2514289280872696,1.0,0.0,0.25028578561745396,2
ADCY4,0.0,0.0,0.2513923499465486,1.0,0.0,0.25027846998930975,2
HAND2,0.0,0.0,0.5841182293972141,0.6667,0.0,0.25016364587944284,2
ELTD1,0.0,0.0,0.24989833486252352,1.0,0.0,0.24997966697250473,2
RGS7BP,0.0,0.0,0.24935780189753728,1.0,0.0,0.24987156037950747,2
CDC45,0.0,0.0,0.5814716054037348,0.6667,0.0,0.24963432108074696,2
PTPRD,0.0,0.0,0.24798538992781075,1.0,0.0,0.24959707798556216,2
SNED1,0.0,0.2237641039279102,0.35458070100102357,0.6667,0.0,0.24900896098578673,3
TBX2,0.0,0.0,0.2444190420216558,1.0,0.0,0.24888380840433116,2
CHRDL2,0.0,0.0,0.7460507617454657,0.4983,0.0,0.24887015234909315,2
SHC2,0.0,0.0,0.24347284120407675,1.0,0.0,0.24869456824081537,2
C4orf32,0.0,0.0,0.24246197857075147,1.0,0.0,0.2484923957141503,2
EVA1B,0.0,0.24242374420739812,0.0,1.0,0.0,0.24848474884147964,2
RAMP2,0.0,0.0,0.24226020977097798,1.0,0.0,0.24845204195419562,2
CDC42EP5,0.0,0.0,0.24011125023281746,1.0,0.0,0.2480222500465635,2
ECM1,0.0,0.0,0.23886287428956052,1.0,0.0,0.24777257485791213,2
SYNPO2,0.0,0.0,0.5704233932305756,0.6667,0.0,0.24742467864611511,2
HAND2-AS1,0.0,0.5703859779758402,0.0,0.6667,0.0,0.24741719559516803,2
CCNF,0.0,0.0,0.31007376648975127,0.9268,0.0,0.24737475329795025,2
SAMD5,0.0,0.0,0.2352360655692491,1.0,0.0,0.24704721311384983,2
EMP3,0.0,0.0,0.23360282356643017,1.0,0.0,0.24672056471328604,2
MAP6,0.0,0.0,0.23292365631429748,1.0,0.0,0.2465847312628595,2
GPR116,0.0,0.0,0.23291363428368791,1.0,0.0,0.2465827268567376,2
SAMD3,0.0,0.0,0.22652249325742937,1.0,0.0,0.2453044986514859,2
APOD,0.0,0.0,0.5575783708214407,0.6667,0.0,0.24485567416428813,2
BVES,0.0,0.0,0.22238186214753464,1.0,0.0,0.24447637242950693,2
F10,0.0,0.0,0.555350549758285,0.6667,0.0,0.244410109951657,2
VAMP8,0.0,0.0,0.24220982762777177,0.9793,0.0,0.24430196552555436,2
RGS5,0.0,0.0,0.2202034447103377,1.0,0.0,0.24404068894206754,2
COX7A1,0.0,0.19073268233599552,0.36179759905392544,0.6667,0.0,0.24384605627798417,3
CDO1,0.0,0.0,0.5516222056446214,0.6667,0.0,0.24366444112892427,2
PLAC9,0.0,0.0,0.5515881807728772,0.6667,0.0,0.24365763615457542,2
DOK6,0.0,0.0,0.21681667247909975,1.0,0.0,0.24336333449581996,2
PHLDB2,0.0,0.0,0.2902403673742711,0.9258,0.0,0.2432080734748542,2
HAPLN1,0.0,0.0,0.546480999478642,0.6667,0.0,0.2426361998957284,2
MYLK,0.0,0.0,0.5462359461501153,0.6667,0.0,0.24258718923002304,2
MAGEL2,0.0,0.14015400453689406,0.4051568165500122,0.6667,0.0,0.24240216421738123,3
MFAP4,0.0,0.0,0.5452075782518,0.6667,0.0,0.24238151565035998,2
FSHB,0.0,0.0,0.0,0.6073,0.6,0.24146,2
TRPC6,0.0,0.0,0.2070157983478059,1.0,0.0,0.2414031596695612,2
ENO1,0.0,0.0,0.20558421523740752,1.0,0.0,0.24111684304748152,2
CYSLTR2,0.0,0.0,0.2050311828679079,1.0,0.0,0.24100623657358158,2
CDH11,0.0,0.2611238871342188,0.2765144266596801,0.6667,0.0,0.24086766275877977,3
MEOX1,0.0,0.0,0.20328467404907619,1.0,0.0,0.24065693480981526,2
HLF,0.0,0.0,0.5361169973387007,0.6667,0.0,0.24056339946774014,2
ENAM,0.0,0.0,0.20243307555085432,1.0,0.0,0.2404866151101709,2
SDPR,0.0,0.0,0.5348692803955833,0.6667,0.0,0.24031385607911665,2
CYP17A1,0.0,0.0,0.0,1.0,0.2,0.24000000000000002,2
RIC3,0.0,0.0,0.5327191618315719,0.6667,0.0,0.23988383236631436,2
APOC1,0.0,0.0,0.19897077031593324,1.0,0.0,0.23979415406318666,2
AOX1,0.0,0.0,0.5309401720675766,0.6667,0.0,0.2395280344135153,2
PTGFR,0.0,0.0,0.6898209485894018,0.5052,0.0,0.23900418971788034,2
MT1F,0.0,0.0,0.19466391820982806,1.0,0.0,0.23893278364196563,2
SLC7A2,0.0,0.0,0.19416965129354574,1.0,0.0,0.23883393025870917,2
RPRM,0.0,0.0,0.5270982006062325,0.6667,0.0,0.23875964012124648,2
MYBL2,0.0,0.0,0.6728660798300801,0.5206,0.0,0.238693215966016,2
GLI1,0.0,0.13793241921486546,0.38875184911965466,0.6667,0.0,0.238676853666904,3
CDH5,0.0,0.0,0.19306055097186783,1.0,0.0,0.2386121101943736,2
PTCH1,0.0,0.0,0.19300825908910818,1.0,0.0,0.23860165181782164,2
RYR3,0.0,0.0,0.5259801188612381,0.6667,0.0,0.2385360237722476,2
ACTA2,0.0,0.0,0.5256202370502776,0.6667,0.0,0.2384640474100555,2
HPSE2,0.0,0.0,0.5247371191018796,0.6667,0.0,0.2382874238203759,2
SPARCL1,0.0,0.0,0.5244831555373637,0.6667,0.0,0.23823663110747273,2
SCN2B,0.0,0.0,0.523837818592531,0.6667,0.0,0.2381075637185062,2
CECR2,0.0,0.32491801969071915,0.1982144744256896,0.6667,0.0,0.23796649882328175,3
ITGA8,0.0,0.0,0.5230135125694279,0.6667,0.0,0.23794270251388555,2
CASQ2,0.0,0.0,0.5224640698555514,0.6667,0.0,0.23783281397111028,2
CHRDL1,0.0,0.0,0.725034157542538,0.4634,0.0,0.2376868315085076,2
ABCG2,0.0,0.0,0.5197583500322003,0.6667,0.0,0.23729167000644005,2
SCN7A,0.0,0.0,0.5176386747744867,0.6667,0.0,0.23686773495489732,2
PALMD,0.0,0.0,0.1831873505078593,1.0,0.0,0.23663747010157188,2
SIX1,0.0,0.0,0.5159500540215815,0.6667,0.0,0.2365300108043163,2
CRISPLD2,0.0,0.20083983744267078,0.3143238180238916,0.6667,0.0,0.23637273109331247,3
MCAM,0.0,0.0,0.18180093908209263,1.0,0.0,0.23636018781641854,2
GJC2,0.0,0.0,0.1807047237828143,1.0,0.0,0.2361409447565629,2
ARHGAP23,0.0,0.0,0.18047731613687862,1.0,0.0,0.23609546322737573,2
S100A2,0.0,0.0,0.5133795164550325,0.6667,0.0,0.2360159032910065,2
GJA4,0.0,0.0,0.1797753334285021,1.0,0.0,0.23595506668570043,2
FYN,0.0,0.0,0.17926430031381993,1.0,0.0,0.235852860062764,2
PI3,0.0,0.0,0.5370599500385171,0.6419,0.0,0.23579199000770346,2
SLC2A13,0.0,0.0,0.1774004577411031,1.0,0.0,0.23548009154822064,2
ACVRL1,0.0,0.0,0.17637266171002725,1.0,0.0,0.23527453234200546,2
DIRAS1,0.0,0.0,0.5095212313998554,0.6667,0.0,0.23524424627997106,2
PODN,0.0,0.0,0.5094443150980045,0.6667,0.0,0.2352288630196009,2
PRR19,0.0,0.0,0.1905853835047463,0.9832,0.0,0.23475707670094928,2
COL5A1,0.0,0.3088558498668764,0.19807188037618056,0.6667,0.0,0.2347255460486114,3
MAOB,0.0,0.0,0.5067535111844105,0.6667,0.0,0.2346907022368821,2
CAMKV,0.0,0.0,0.1730758904800478,1.0,0.0,0.23461517809600957,2
PTGDS,0.0,0.0,0.1723696384302012,1.0,0.0,0.23447392768604025,2
DNAJB5,0.0,0.0,0.17199533229744218,1.0,0.0,0.23439906645948844,2
EFS,0.0,0.4181739573374998,0.2387816233361263,0.5147,0.0,0.23433111613472524,3
BMPER,0.0,0.0,0.5044867951940548,0.6667,0.0,0.23423735903881096,2
WT1-AS,0.0,0.16979981951999754,0.0,1.0,0.0,0.23395996390399953,2
TEX15,0.0,0.0,0.502849757719109,0.6667,0.0,0.2339099515438218,2
B3GALT2,0.0,0.0,0.16942503867272585,1.0,0.0,0.23388500773454518,2
RIMKLA,0.0,0.0,0.1685792030168913,1.0,0.0,0.23371584060337827,2
KANK2,0.0,0.15161916736414024,0.35020789349507603,0.6667,0.0,0.23370541217184326,3
OLFM1,0.0,0.0,0.501411584481715,0.6667,0.0,0.233622316896343,2
ABCA9,0.0,0.0,0.5006378134735131,0.6667,0.0,0.23346756269470262,2
PPP1R12B,0.0,0.0,0.49963536824706006,0.6667,0.0,0.23326707364941202,2
GRASP,0.0,0.0,0.16518619399326867,1.0,0.0,0.23303723879865373,2
GFRA2,0.0,0.0,0.16471428018987216,1.0,0.0,0.23294285603797443,2
EGR3,0.0,0.0,0.16409719374844545,1.0,0.0,0.2328194387496891,2
MAST4,0.0,0.0,0.16279138490478332,1.0,0.0,0.23255827698095669,2
CPEB1,0.0,0.0,0.4937223128884839,0.6667,0.0,0.23208446257769677,2
SNTB2,0.0,0.0,0.16031903711447426,1.0,0.0,0.23206380742289487,2
CDKN2A,0.0,0.0,0.49351215798424963,0.6667,0.0,0.23204243159684992,2
HIST1H3G,0.0,0.0,0.15813599732860276,1.0,0.0,0.23162719946572058,2
SOX8,0.0,0.0,0.1581305709541942,1.0,0.0,0.23162611419083884,2
MMP12,0.0,0.0,0.4914001263113305,0.6667,0.0,0.2316200252622661,2
AOC3,0.0,0.0,0.4911668222645751,0.6667,0.0,0.23157336445291501,2
TUFT1,0.0,0.0,0.15739698200261168,1.0,0.0,0.23147939640052234,2
FAM19A5,0.0,0.0,0.15734096429925046,1.0,0.0,0.2314681928598501,2
BIRC5,0.0,0.0,0.5869774979196895,0.5703,0.0,0.2314554995839379,2
FLT3LG,0.0,0.0,0.15695671240877795,1.0,0.0,0.2313913424817556,2
SNRK,0.0,0.0,0.15688905487357926,1.0,0.0,0.23137781097471588,2
KRT37,0.0,0.0,0.15658034954567984,1.0,0.0,0.23131606990913597,2
RFC4,0.0,0.0,0.1563314662821929,1.0,0.0,0.2312662932564386,2
RASL11A,0.0,0.0,0.19849328271776862,0.9571,0.0,0.23111865654355374,2
PPP2R2C,0.0,0.0,0.15508104340004428,1.0,0.0,0.23101620868000888,2
SVEP1,0.0,0.15094108059554456,0.33721058903801204,0.6667,0.0,0.23097033392671132,3
PALM,0.0,0.0,0.1547630026646093,1.0,0.0,0.23095260053292188,2
MEOX2,0.0,0.0,0.4865053493191413,0.6667,0.0,0.23064106986382826,2
WBSCR17,0.0,0.0721709198985818,0.4133868515162535,0.6667,0.0,0.23045155428296704,3
C3orf70,0.0,0.0,0.48492347668760155,0.6667,0.0,0.2303246953375203,2
FGF2,0.0,0.0,0.48373974746862497,0.6667,0.0,0.230087949493725,2
MIOX,0.0,0.0,0.1498445570918715,1.0,0.0,0.2299689114183743,2
TCF21,0.0,0.0,0.4830958737243106,0.6667,0.0,0.2299591747448621,2
PENK,0.0,0.0,0.4829082564758144,0.6667,0.0,0.22992165129516287,2
NOVA1,0.0,0.14804519058393767,0.33477079616455263,0.6667,0.0,0.22990319734969805,3
CA5B,0.0,0.0,0.14927755129593417,1.0,0.0,0.22985551025918685,2
F7,0.0,0.0,0.14924608523110147,1.0,0.0,0.2298492170462203,2
IRS1,0.0,0.0,0.28130497307132335,0.6667,0.2,0.22960099461426467,3
MUM1L1,0.0,0.0,0.4810861132159481,0.6667,0.0,0.22955722264318962,2
PITX1,0.0,0.0,0.4804893894704117,0.6667,0.0,0.22943787789408232,2
PCDHB15,0.0,0.12734550306190884,0.3530192476602934,0.6667,0.0,0.22941295014444044,3
TAGLN,0.0,0.0,0.4803506038093491,0.6667,0.0,0.2294101207618698,2
DRP2,0.0,0.0,0.14604526578495838,1.0,0.0,0.2292090531569917,2
LINC00483,0.1458030966725096,0.0,0.0,1.0,0.0,0.22916061933450194,2
PCDHB16,0.0,0.0,0.1446981767049309,1.0,0.0,0.2289396353409862,2
MMP16,0.0,0.0,0.1430034203455062,1.0,0.0,0.22860068406910125,2
CYP1B1,0.0,0.0,0.4752161021591759,0.6667,0.0,0.22838322043183518,2
ATP1A2,0.0,0.0,0.4744156315570253,0.6667,0.0,0.22822312631140507,2
TCEAL2,0.0,0.0,0.4736477914309433,0.6667,0.0,0.22806955828618866,2
AVPR1A,0.0,0.0,0.47281544872439846,0.6667,0.0,0.2279030897448797,2
HSPB6,0.0,0.0,0.4724372441487435,0.6667,0.0,0.2278274488297487,2
MSRB3,0.0,0.0,0.4716153185563334,0.6667,0.0,0.22766306371126666,2
CLEC1A,0.0,0.0,0.2804584132970599,0.8566,0.0,0.227411682659412,2
SLC25A33,0.0,0.0,0.16142779368601845,0.9746,0.0,0.22720555873720372,2
FAM43A,0.0,0.0,0.13596743852623222,1.0,0.0,0.22719348770524644,2
CLIP3,0.0,0.08024032317165532,0.3882396197443236,0.6667,0.0,0.22703598858319576,3
SHISA6,0.0,0.0,0.13461922657740646,1.0,0.0,0.22692384531548132,2
PHYHIP,0.0,0.0,0.4675042492325788,0.6667,0.0,0.22684084984651576,2
DMPK,0.0,0.1307836732680085,0.15264736760508602,0.8492,0.0,0.22652620817461888,3
ITM2A,0.0,0.0,0.46587710474023897,0.6667,0.0,0.22651542094804777,2
MEIS3,0.0,0.0,0.46568199677864425,0.6667,0.0,0.22647639935572883,2
DIO3,0.0,0.0,0.465509732216179,0.6667,0.0,0.2264419464432358,2
HK3,0.0,0.0,0.1313595930735423,1.0,0.0,0.22627191861470847,2
SLC10A1,0.46361772565979076,0.0,0.0,0.6667,0.0,0.22606354513195814,2
HAAO,0.0,0.0,0.3427116333373251,0.7868,0.0,0.22590232666746504,2
GREM2,0.0,0.0,0.4619366104814949,0.6667,0.0,0.22572732209629898,2
HMGA2,0.0,0.0,0.12650093917995806,0.402,0.6,0.2257001878359916,3
NTRK3,0.0,0.0,0.46099623907237636,0.6667,0.0,0.22553924781447526,2
CPNE5,0.0,0.0,0.12676451288991347,1.0,0.0,0.2253529025779827,2
SIX3,0.0,0.0,0.1257892186088929,1.0,0.0,0.2251578437217786,2
ADAMTS3,0.0,0.0,0.12552176693330303,1.0,0.0,0.22510435338666063,2
CTF1,0.0,0.0,0.12465319022273505,1.0,0.0,0.22493063804454702,2
ARHGAP20,0.0,0.0,0.5454218606918234,0.5785,0.0,0.22478437213836472,2
TTC28,0.0,0.0,0.12380257857518895,1.0,0.0,0.2247605157150378,2
GATA4,0.0,0.0,0.0,0.5238,0.6,0.22476000000000002,2
SPESP1,0.0,0.0,0.1231320450965378,1.0,0.0,0.22462640901930758,2
TERT,0.0,0.0,0.3590280662169429,0.5636,0.2,0.22452561324338857,3
WNT9A,0.0,0.0,0.12204643879929084,1.0,0.0,0.2244092877598582,2
PRKG1,0.0,0.0,0.47815894782167995,0.6433,0.0,0.22429178956433599,2
CBLN4,0.0,0.0,0.4544234331519267,0.6667,0.0,0.22422468663038533,2
C21orf88,0.0,0.0,0.12035646568055648,1.0,0.0,0.2240712931361113,2
FAM83D,0.0,0.0,0.4547518670711591,0.6654,0.0,0.22403037341423182,2
LRFN5,0.0,0.0,0.4532568910793319,0.6667,0.0,0.22399137821586637,2
DIP2C,0.0,0.0,0.11968350777760071,1.0,0.0,0.22393670155552015,2
KLF5,0.0,0.2708008948233362,0.14838098898127058,0.1004,0.6,0.22391637676092135,4
WNT2,0.0,0.0,0.11947808112594081,1.0,0.0,0.22389561622518817,2
CKMT2,0.0,0.0,0.11944179125836694,1.0,0.0,0.2238883582516734,2
HSPA12A,0.0,0.0,0.11891539397396816,1.0,0.0,0.22378307879479364,2
FMO2,0.0,0.0,0.45212155667151416,0.6667,0.0,0.22376431133430283,2
PTCHD1,0.0,0.0,0.4538684870569982,0.6646,0.0,0.22369369741139966,2
GALNT14,0.0,0.0,0.11834735934561148,1.0,0.0,0.2236694718691223,2
NR5A2,0.0,0.0,0.11792391172642774,1.0,0.0,0.22358478234528556,2
PPP1R14A,0.0,0.3424655970822774,0.10827162098853481,0.6667,0.0,0.22348744361416245,3
MRVI1,0.0,0.0,0.45063590585313623,0.6667,0.0,0.22346718117062725,2
PTPLA,0.0,0.0,0.11679556479004893,1.0,0.0,0.2233591129580098,2
AQP6,0.0,0.0,0.11672383641114763,1.0,0.0,0.22334476728222954,2
ABI3BP,0.0,0.0,0.5359197491733626,0.5805,0.0,0.22328394983467253,2
SLIT2,0.0,0.0,0.11637538575431176,1.0,0.0,0.22327507715086237,2
TRPC4,0.0,0.0,0.4494614581299827,0.6667,0.0,0.22323229162599653,2
LHX6,0.0,0.0,0.11582230243954472,1.0,0.0,0.22316446048790894,2
FOXF1,0.0,0.0,0.1602318438598587,0.9552,0.0,0.22308636877197174,2
BMP8A,0.0,0.0,0.11533301130322271,1.0,0.0,0.22306660226064456,2
ERBB3,0.0,0.0,0.2515094278267933,0.2638,0.6,0.22306188556535866,3
ATXN1,0.0,0.0,0.16408992323722554,0.9512,0.0,0.22305798464744514,2
LRP2,0.0,0.0,0.1151153775245077,1.0,0.0,0.22302307550490155,2
PKD2L1,0.0,0.0,0.11510019894183979,1.0,0.0,0.22302003978836799,2
CYGB,0.0,0.0,0.11499269791400596,1.0,0.0,0.2229985395828012,2
PABPC5,0.0,0.0,0.44791088051847444,0.6667,0.0,0.22292217610369489,2
MAS1,0.0,0.0,0.1142061417601512,1.0,0.0,0.22284122835203024,2
PDE8B,0.0,0.0,0.4472597126103838,0.6667,0.0,0.22279194252207674,2
VWF,0.0,0.0,0.11373299708168934,1.0,0.0,0.22274659941633787,2
NES,0.0,0.22764450229576855,0.21895513811924988,0.6667,0.0,0.22265992808300367,3
LONRF2,0.0,0.0,0.4457278508622173,0.6667,0.0,0.22248557017244344,2
FOSB,0.0,0.0,0.4446663753223328,0.6667,0.0,0.22227327506446654,2
WFIKKN2,0.0,0.0,0.4440316302021447,0.6667,0.0,0.22214632604042894,2
ICA1L,0.0,0.0,0.11040854841816243,1.0,0.0,0.2220817096836325,2
CCDC58,0.0,0.0,0.15006189228996594,0.9603,0.0,0.2220723784579932,2
KCNH1,0.0,0.0,0.10991462331702112,1.0,0.0,0.22198292466340425,2
ZBTB16,0.0,0.0,0.6188167630278846,0.2907,0.2,0.22190335260557692,3
HCN1,0.0,0.0,0.10923589196582699,1.0,0.0,0.22184717839316542,2
KRT78,0.0,0.0,0.10855242713849284,1.0,0.0,0.22171048542769858,2
FTO,0.0,0.11611592869966404,0.13146511600024405,0.6605,0.2,0.22161620893998163,4
TUB,0.0,0.0,0.4409515494343498,0.6667,0.0,0.22153030988686995,2
EFEMP1,0.0,0.0,0.44018937483622267,0.6667,0.0,0.22137787496724454,2
RSPH9,0.0,0.0,0.10688565324420925,1.0,0.0,0.22137713064884185,2
SRRM4,0.0,0.0,0.10680689107509904,1.0,0.0,0.22136137821501983,2
TYRO3,0.0,0.0,0.10619907004476087,1.0,0.0,0.22123981400895218,2
OSR1,0.0,0.0,0.4390142719486575,0.6667,0.0,0.2211428543897315,2
EMCN,0.0,0.0,0.4389976744502461,0.6667,0.0,0.22113953489004923,2
CRYAB,0.0,0.0,0.1055389960766473,1.0,0.0,0.22110779921532947,2
ADAM12,0.0,0.43871873405224093,0.0,0.6667,0.0,0.22108374681044818,2
PABPC4L,0.0,0.0,0.10361233678616977,1.0,0.0,0.22072246735723397,2
RASL12,0.0,0.0,0.4367588684637989,0.6667,0.0,0.22069177369275977,2
PGK1,0.0,0.0,0.10324627238157544,1.0,0.0,0.22064925447631512,2
PCDH17,0.0,0.0,0.10319257871679643,1.0,0.0,0.2206385157433593,2
SYTL5,0.0,0.0,0.10269460788290603,1.0,0.0,0.22053892157658123,2
TIMP3,0.0,0.0,0.43585057036320574,0.6667,0.0,0.22051011407264115,2
C1orf213,0.0,0.1330603959883266,0.0,0.9693,0.0,0.22047207919766537,2
ZNF704,0.0,0.0,0.10153572391944066,1.0,0.0,0.22030714478388813,2
PCBP3,0.0,0.0,0.4393517689755762,0.6619,0.0,0.22025035379511526,2
CA9,0.0,0.0,0.43452809091118105,0.6667,0.0,0.2202456181822362,2
BNIP3,0.0,0.0,0.10121603468773262,1.0,0.0,0.22024320693754654,2
PCDH12,0.0,0.0,0.10050847449441369,1.0,0.0,0.22010169489888276,2
RHOV,0.0,0.0,0.433755747675482,0.6667,0.0,0.2200911495350964,2
CACNA1D,0.0,0.0,0.10030845381500163,1.0,0.0,0.22006169076300033,2
PNO1,0.0,0.05070182406382553,0.04851516922769653,1.0,0.0,0.21984339865830443,3
FAM189A2,0.0,0.0,0.09864766210955761,1.0,0.0,0.21972953242191154,2
TNNI3K,0.0,0.0,0.32365442933836724,0.7747,0.0,0.21967088586767347,2
FBXL22,0.0,0.0,0.4316237334880284,0.6667,0.0,0.21966474669760566,2
GGT5,0.0,0.0,0.09736116105552574,1.0,0.0,0.21947223221110515,2
SCN4B,0.0,0.0,0.4303845118434398,0.6667,0.0,0.21941690236868794,2
CDKAL1,0.0,0.0,0.0,0.497,0.6,0.21939999999999998,2
SEMA3G,0.0,0.0,0.09686449896515531,1.0,0.0,0.21937289979303107,2
FAM3D,0.0,0.0,0.0966851060028661,1.0,0.0,0.21933702120057325,2
IGF2BP3,0.0,0.0,0.4293076864304083,0.6667,0.0,0.21920153728608166,2
HNF1B,0.0,0.0,0.0,0.4958,0.6,0.21916000000000002,2
TFR2,0.0,0.0,0.13185784469789177,0.9639,0.0,0.21915156893957838,2
FCGR1B,0.0,0.0,0.0953860430093412,1.0,0.0,0.21907720860186825,2
IYD,0.0,0.0,0.09524144898102203,1.0,0.0,0.21904828979620442,2
CACNA2D1,0.0,0.0,0.4284547250708468,0.6667,0.0,0.21903094501416936,2
SMOC2,0.0,0.0,0.4283027269274955,0.6667,0.0,0.2190005453854991,2
SLC30A8,0.0,0.0,0.09479044003239263,1.0,0.0,0.21895808800647854,2
KCNE4,0.0,0.0,0.427750707233603,0.6667,0.0,0.2188901414467206,2
MTSS1L,0.0,0.0,0.09386866984020582,1.0,0.0,0.21877373396804117,2
HIST1H1D,0.0,0.0,0.09382489311836432,1.0,0.0,0.2187649786236729,2
PLSCR4,0.0,0.0,0.43037549241338197,0.6632,0.0,0.2187150984826764,2
NAP1L3,0.0,0.0,0.4266935121012035,0.6667,0.0,0.21867870242024068,2
MS4A2,0.0,0.0,0.4262104375421614,0.6667,0.0,0.21858208750843228,2
HSD17B6,0.0,0.0,0.4259071182586835,0.6667,0.0,0.21852142365173668,2
GPR160,0.0,0.0,0.0914297094254998,1.0,0.0,0.21828594188509998,2
GHR,0.0,0.0,0.42441631348027214,0.6667,0.0,0.2182232626960544,2
HSPB3,0.0,0.0,0.42435256598308196,0.6667,0.0,0.21821051319661638,2
TJP1,0.0,0.0,0.12657752302037892,0.964,0.0,0.21811550460407578,2
RNASE2,0.0,0.0,0.08918754853775945,1.0,0.0,0.2178375097075519,2
CDH13,0.0,0.0,0.4220192634497556,0.6667,0.0,0.2177438526899511,2
ZNF282,0.0,0.08869361471253939,0.0,1.0,0.0,0.2177387229425079,2
KRT7,0.0,0.0,0.43558800591277075,0.6531,0.0,0.21773760118255417,2
PSD,0.0,0.0,0.42188462716329583,0.6667,0.0,0.21771692543265916,2
ABCA6,0.0,0.0,0.42182218999492777,0.6667,0.0,0.21770443799898553,2
CD34,0.0,0.0,0.24544140424620353,0.8427,0.0,0.21762828084924074,2
AKT3,0.0,0.0,0.4210618498571519,0.6667,0.0,0.21755236997143038,2
BNC2,0.0,0.0,0.5743048711059021,0.5134,0.0,0.2175409742211804,2
PYGM,0.0,0.0,0.42095171671966286,0.6667,0.0,0.21753034334393256,2
CLDN14,0.0,0.0,0.08738485511108274,1.0,0.0,0.21747697102221655,2
MT1H,0.0,0.0,0.4200256149974195,0.6667,0.0,0.2173451229994839,2
POU4F1,0.0,0.0,0.08613840384389584,1.0,0.0,0.21722768076877919,2
PKDCC,0.0,0.0,0.08608397928659269,1.0,0.0,0.21721679585731854,2
COL6A1,0.0,0.20838492321407204,0.21092944207064976,0.6667,0.0,0.21720287305694436,3
NPY1R,0.0,0.0,0.4192463674354639,0.6667,0.0,0.21718927348709277,2
EDIL3,0.0,0.0,0.4184767458018653,0.6667,0.0,0.21703534916037304,2
MPP1,0.0,0.0,0.0847365756975375,1.0,0.0,0.21694731513950752,2
TMEM119,0.0,0.0,0.3109143424290614,0.7736,0.0,0.21690286848581228,2
LGSN,0.0,0.0,0.08385872900062116,1.0,0.0,0.21677174580012423,2
PDGFRA,0.0,0.0,0.41702859222661004,0.6667,0.0,0.216745718445322,2
PCDHB14,0.0,0.0,0.08306810754841816,1.0,0.0,0.21661362150968363,2
TPSB2,0.0,0.0,0.4163376584199967,0.6667,0.0,0.21660753168399932,2
TWIST1,0.0,0.0,0.08245906746277033,1.0,0.0,0.21649181349255409,2
FAM49A,0.0,0.0,0.08206831862918211,1.0,0.0,0.21641366372583642,2
MAS1L,0.0,0.0,0.08080284633120925,1.0,0.0,0.21616056926624186,2
NFASC,0.0,0.0,0.4136752860606156,0.6667,0.0,0.2160750572121231,2
KIAA1462,0.0,0.0,0.4134438819906509,0.6667,0.0,0.21602877639813017,2
GAL,0.0,0.0,0.07917180095470892,1.0,0.0,0.2158343601909418,2
ST6GAL2,0.0,0.0,0.07886185276373951,1.0,0.0,0.21577237055274792,2
COL27A1,0.0,0.0,0.0787133432022434,1.0,0.0,0.2157426686404487,2
DDR2,0.0,0.0,0.411910207620947,0.6667,0.0,0.2157220415241894,2
TMEM196,0.0,0.0,0.41190680076600966,0.6667,0.0,0.21572136015320192,2
FHOD3,0.0,0.0,0.07836333001144156,1.0,0.0,0.21567266600228832,2
SLC8A2,0.0,0.0,0.4111379434908904,0.6667,0.0,0.21556758869817808,2
ITGB3,0.0,0.0,0.07772522062275462,1.0,0.0,0.21554504412455094,2
FBXL7,0.0,0.0,0.4099687589218382,0.6667,0.0,0.21533375178436764,2
SLC18A3,0.0,0.0,0.07652252848230574,1.0,0.0,0.21530450569646115,2
CCL23,0.0,0.0,0.40948754066196025,0.6667,0.0,0.21523750813239204,2
C11orf88,0.0,0.0,0.07534037056319008,1.0,0.0,0.21506807411263804,2
BAI3,0.0,0.0,0.4307653152379256,0.6445,0.0,0.21505306304758512,2
EIF2AK4,0.0,0.0,0.0073398897481707845,0.4679,0.6,0.21504797794963415,3
GPR22,0.0,0.0,0.40658747723549343,0.6667,0.0,0.21465749544709867,2
SYNE1,0.0,0.0,0.42213090346538984,0.6508,0.0,0.214586180693078,2
CCDC136,0.0,0.08596670444734524,0.319844145995702,0.6667,0.0,0.21450217008860945,3
RNF175,0.0,0.0,0.07197427987684603,1.0,0.0,0.21439485597536923,2
SLC18A2,0.0,0.0,0.07145826191375207,1.0,0.0,0.2142916523827504,2
FBN3,0.0,0.0,0.02445308884585446,0.4466,0.6,0.21421061776917089,3
RAB30,0.0,0.0,0.0709100613007394,1.0,0.0,0.21418201226014788,2
CD93,0.0,0.0,0.2191050397364866,0.8516,0.0,0.21414100794729735,2
PCOLCE,0.0,0.3361884423426863,0.06711539975950438,0.6667,0.0,0.21400076842043814,3
GRIN2D,0.0,0.0,0.40288654083302367,0.6667,0.0,0.21391730816660473,2
ZNF703,0.0,0.0,0.069280873469279,1.0,0.0,0.21385617469385582,2
NTN5,0.0,0.0,0.06895327333785485,1.0,0.0,0.21379065466757097,2
CPA3,0.0,0.0,0.4021991172269374,0.6667,0.0,0.21377982344538748,2
ANLN,0.0,0.0,0.40170975635680317,0.6667,0.0,0.21368195127136064,2
GRAP,0.0,0.0,0.06780767675095467,1.0,0.0,0.21356153535019096,2
FLNC,0.0,0.0,0.5632322431390253,0.5045,0.0,0.21354644862780506,2
DCAF12L2,0.0,0.0,0.40098215260076364,0.6667,0.0,0.21353643052015273,2
GRIN2A,0.0,0.0,0.4008358325489742,0.6667,0.0,0.21350716650979484,2
CYP7A1,0.0,0.0,0.06712390692316011,1.0,0.0,0.21342478138463203,2
ELOVL4,0.0,0.0,0.06708018446015716,1.0,0.0,0.21341603689203145,2
COL4A5,0.0,0.0,0.06706649082987853,1.0,0.0,0.2134132981659757,2
LINC00536,0.0,0.0,0.0,0.6667,0.4,0.21334,2
CNTN4,0.0,0.0,0.3995475609288161,0.6667,0.0,0.2132495121857632,2
NUDT11,0.0,0.0,0.39933998300459855,0.6667,0.0,0.2132079966009197,2
TSHB,0.0,0.0,0.06597149646081277,1.0,0.0,0.21319429929216258,2
TNF,0.0,0.0,0.06555341657389208,1.0,0.0,0.21311068331477842,2
C16orf45,0.0,0.0,0.3988328202340457,0.6667,0.0,0.21310656404680914,2
FAM132A,0.0,0.0,0.07203887411399014,0.9933,0.0,0.21306777482279804,2
KIAA0408,0.0,0.0,0.39851674708336643,0.6667,0.0,0.21304334941667327,2
CAMK2A,0.0,0.0,0.5705888659219792,0.4946,0.0,0.21303777318439587,2
PARD6G,0.0,0.0,0.06513584957278339,1.0,0.0,0.2130271699145567,2
CDH18,0.0,0.0,0.06505761173737427,1.0,0.0,0.21301152234747486,2
SEMA6D,0.0,0.0,0.06434767660421058,1.0,0.0,0.21286953532084213,2
PLA2G15,0.0,0.0,0.06400472039362542,1.0,0.0,0.2128009440787251,2
AGTR1,0.0,0.0,0.3964414264562773,0.6667,0.0,0.21262828529125544,2
PTK7,0.0,0.08576923151639092,0.0,0.9773,0.0,0.21261384630327818,2
ADCYAP1R1,0.0,0.0,0.06303821633194927,1.0,0.0,0.21260764326638987,2
GRHL3,0.0,0.0,0.39622456703623693,0.6667,0.0,0.2125849134072474,2
BST2,0.0,0.0,0.06289609763069946,1.0,0.0,0.2125792195261399,2
PIK3R1,0.0,0.0,0.06264493506442817,1.0,0.0,0.21252898701288564,2
SNAP25,0.0,0.0,0.39557831286122896,0.6667,0.0,0.2124556625722458,2
CACNA1C,0.0,0.0,0.3944199821825861,0.6667,0.0,0.2122239964365172,2
IL3RA,0.0,0.0,0.0607766221923298,1.0,0.0,0.21215532443846596,2
TRPC1,0.0,0.0,0.39405354872751497,0.6667,0.0,0.21215070974550299,2
CAV1,0.0,0.0,0.39401094120198565,0.6667,0.0,0.21214218824039713,2
MGAT4C,0.0,0.0,0.06058008062855006,1.0,0.0,0.21211601612571002,2
NIPAL2,0.0,0.0,0.2049170554084245,0.8555,0.0,0.21208341108168494,2
RRM2,0.0,0.0,0.5142704090211073,0.5458,0.0,0.21201408180422146,2
ZFP1,0.0,0.0,0.05956389955825967,1.0,0.0,0.21191277991165194,2
PID1,0.0,0.20419020268732055,0.491904144292711,0.3633,0.0,0.21187886939600634,3
NUDT10,0.0,0.0,0.3924085400855684,0.6667,0.0,0.21182170801711367,2
DKFZp434J0226,0.0,0.0,0.17262392675108001,0.8863,0.0,0.211784785350216,2
SNCAIP,0.0,0.0,0.3920335021379003,0.6667,0.0,0.21174670042758004,2
ZBTB38,0.0,0.0,0.24257080137941855,0.8158,0.0,0.2116741602758837,2
SLC16A14,0.0,0.0,0.05816846303143047,1.0,0.0,0.21163369260628612,2
HFE2,0.0,0.0,0.057908914545826605,1.0,0.0,0.21158178290916532,2
DCXR,0.0,0.0,0.08087173879553007,0.977,0.0,0.21157434775910602,2
RPL39L,0.0,0.0,0.057728961234002105,1.0,0.0,0.21154579224680042,2
ADAMTSL1,0.0,0.0,0.39049731630462037,0.6667,0.0,0.21143946326092405,2
LRRC2,0.0,0.0,0.39047049824139685,0.6667,0.0,0.21143409964827936,2
TDRD6,0.0,0.0,0.07853961637293713,0.9786,0.0,0.21142792327458743,2
ZNF732,0.0,0.0,0.05685469706933805,1.0,0.0,0.21137093941386761,2
SORBS1,0.0,0.0,0.42348818573683966,0.6332,0.0,0.21133763714736795,2
OLFML1,0.0,0.0,0.389796530611804,0.6667,0.0,0.2112993061223608,2
ABCB1,0.0,0.0,0.3897766136137096,0.6667,0.0,0.2112953227227419,2
WNT5B,0.0,0.0,0.05594217653111145,1.0,0.0,0.2111884353062223,2
SLC27A6,0.0,0.0,0.05569557961658468,1.0,0.0,0.21113911592331694,2
CUBN,0.0,0.0,0.0548247192849767,1.0,0.0,0.21096494385699535,2
MMP28,0.0,0.0,0.3880460841773146,0.6667,0.0,0.21094921683546292,2
TREM2,0.0,0.0,0.054483770572048694,1.0,0.0,0.21089675411440975,2
RENBP,0.0,0.0,0.05445151824269907,1.0,0.0,0.21089030364853983,2
ZNF521,0.0,0.0,0.3873750866263846,0.6667,0.0,0.2108150173252769,2
FGF1,0.0,0.0,0.05399594914875178,1.0,0.0,0.21079918982975038,2
CCDC80,0.0,0.0,0.3869693869842813,0.6667,0.0,0.21073387739685626,2
GTSF1L,0.0,0.0,0.053042949319730394,1.0,0.0,0.2106085898639461,2
SEMA3D,0.0,0.0,0.05288060271101168,1.0,0.0,0.21057612054220234,2
SLCO2B1,0.0,0.0,0.05263846883765958,1.0,0.0,0.21052769376753194,2
WIPF3,0.0,0.0,0.052473689151958464,1.0,0.0,0.21049473783039171,2
PDZD4,0.0,0.0,0.3856864658734797,0.6667,0.0,0.21047729317469593,2
LIFR,0.0,0.0,0.3853757432321576,0.6667,0.0,0.21041514864643152,2
MELK,0.0,0.0,0.5621844823741442,0.4894,0.0,0.21031689647482887,2
FAM65B,0.0,0.0,0.3848770102436923,0.6667,0.0,0.21031540204873844,2
E2F1,0.0,0.0,0.38354182885170707,0.6667,0.0,0.21004836577034142,2
GNG7,0.0,0.0,0.3897005490255928,0.6605,0.0,0.21004010980511856,2
HMX2,0.0,0.0,0.04969625940526415,1.0,0.0,0.20993925188105284,2
NXNL2,0.0,0.0,0.04940630060558526,1.0,0.0,0.20988126012111707,2
CSMD1,0.0,0.0,0.04919281340638941,1.0,0.0,0.2098385626812779,2
SOCS2,0.0,0.0,0.3822112554494122,0.6667,0.0,0.20978225108988244,2
ZDBF2,0.0,0.0,0.38187076650501667,0.6667,0.0,0.20971415330100332,2
RHOBTB1,0.0,0.0,0.04847970684438316,1.0,0.0,0.20969594136887665,2
TMEM200A,0.0,0.0,0.3810665521905173,0.6667,0.0,0.20955331043810346,2
KIAA0391,0.0,0.0,0.04767105215119652,1.0,0.0,0.20953421043023931,2
ENPEP,0.0,0.0,0.380951374287064,0.6667,0.0,0.2095302748574128,2
CTSZ,0.0,0.0,0.04762799480158197,1.0,0.0,0.20952559896031642,2
PUSL1,0.0,0.0,0.04747997426555986,1.0,0.0,0.209495994853112,2
HTR2B,0.0,0.0,0.3804409793720835,0.6667,0.0,0.2094281958744167,2
TCF19,0.0,0.0,0.047046360840550396,1.0,0.0,0.2094092721681101,2
REM1,0.0,0.0,0.3797662255451968,0.6667,0.0,0.20929324510903935,2
CTSD,0.0,0.0,0.046402157009991056,1.0,0.0,0.20928043140199823,2
FREM1,0.0,0.0,0.3795428363198605,0.6667,0.0,0.2092485672639721,2
HAP1,0.0,0.0,0.045990973340858186,1.0,0.0,0.20919819466817166,2
TBX3,0.0,0.0,0.37905096071889693,0.6667,0.0,0.2091501921437794,2
TMEM101,0.0,0.0,0.04508399177411701,1.0,0.0,0.20901679835482342,2
ATP1B2,0.0,0.0,0.42606948983854226,0.6189,0.0,0.20899389796770845,2
HEY2,0.0,0.0,0.04465534113327928,1.0,0.0,0.20893106822665586,2
DPYSL4,0.0,0.0,0.044588075837138495,1.0,0.0,0.2089176151674277,2
RHOJ,0.0,0.0,0.377597609505982,0.6667,0.0,0.2088595219011964,2
STAB2,0.0,0.0,0.37748537984237746,0.6667,0.0,0.20883707596847548,2
MYOD1,0.0,0.0,0.04415159881073849,1.0,0.0,0.20883031976214772,2
HS6ST2,0.0,0.0,0.04386533832495979,1.0,0.0,0.20877306766499196,2
ZFP57,0.0,0.0,0.04378840884046063,1.0,0.0,0.20875768176809215,2
DACT3,0.0,0.0,0.47576010700844,0.5678,0.0,0.20871202140168799,2
C1orf112,0.0,0.0,0.19287230039777448,0.8506,0.0,0.20869446007955492,2
NEU1,0.0,0.0,0.14336200631259627,0.9,0.0,0.2086724012625193,2
SLAMF8,0.0,0.0,0.04336052779666689,1.0,0.0,0.20867210555933338,2
PPAPDC3,0.0,0.0,0.3761437341615372,0.6667,0.0,0.20856874683230742,2
GRIA2,0.0,0.0,0.04240852710318008,1.0,0.0,0.20848170542063602,2
RAMP3,0.0,0.0,0.04183436725824348,1.0,0.0,0.2083668734516487,2
EPHB2,0.0,0.0,0.041686295758076856,1.0,0.0,0.20833725915161538,2
CPLX1,0.0,0.0,0.04142908925369262,1.0,0.0,0.20828581785073855,2
OLFML3,0.0,0.0,0.37415937219350803,0.6667,0.0,0.2081718744387016,2
GPR97,0.0,0.0,0.04052117004769016,1.0,0.0,0.20810423400953804,2
NID2,0.0,0.0,0.11284639169462386,0.9276,0.0,0.2080892783389248,2
CACHD1,0.0,0.0,0.04003065510676407,1.0,0.0,0.20800613102135282,2
ZNF711,0.0,0.0,0.03994129509684575,1.0,0.0,0.20798825901936915,2
SERPINF1,0.0,0.0,0.37318765417793076,0.6667,0.0,0.20797753083558612,2
NEURL3,0.0,0.09973205082006073,0.27342158301385927,0.6667,0.0,0.207970726766784,3
PCDHB5,0.0,0.0,0.37314443516561824,0.6667,0.0,0.20796888703312363,2
STON1,0.0,0.0,0.3722876985041704,0.6667,0.0,0.20779753970083406,2
SHROOM4,0.0,0.0,0.03874798420738462,1.0,0.0,0.20774959684147692,2
NMB,0.0,0.0,0.03832702002370459,1.0,0.0,0.20766540400474093,2
MEIS1,0.0,0.0,0.03817723331480645,1.0,0.0,0.2076354466629613,2
TSSK4,0.0,0.0,0.03803196461824833,1.0,0.0,0.20760639292364969,2
PLVAP,0.0,0.0,0.03783809463090778,1.0,0.0,0.20756761892618156,2
OLFML2A,0.0,0.0,0.3710410298241108,0.6667,0.0,0.20754820596482215,2
RAC3,0.0,0.0,0.3706261142026255,0.6667,0.0,0.2074652228405251,2
KLRF1,0.0,0.0,0.03681678109517525,1.0,0.0,0.20736335621903507,2
LY96,0.0,0.0,0.03672145063955212,1.0,0.0,0.20734429012791045,2
NGFR,0.0,0.0,0.39232681924470353,0.6443,0.0,0.2073253638489407,2
CAPS,0.0,0.0,0.0366231137319228,1.0,0.0,0.20732462274638458,2
CBS,0.0,0.0,0.03636282881070753,1.0,0.0,0.2072725657621415,2
SEL1L2,0.0,0.0,0.3692520378834407,0.6667,0.0,0.2071904075766881,2
CDC42BPA,0.0,0.0,0.03588533246900361,1.0,0.0,0.20717706649380074,2
LAMA2,0.0,0.0,0.3687491555203731,0.6667,0.0,0.20708983110407458,2
CHGA,0.0,0.0,0.035190200922652896,1.0,0.0,0.2070380401845306,2
ADAMTS6,0.0,0.0,0.0351227730681379,1.0,0.0,0.2070245546136276,2
CLDN7,0.0,0.0,0.4038981146836039,0.6312,0.0,0.20701962293672077,2
NEXN,0.0,0.0,0.4555809121168359,0.5795,0.0,0.20701618242336717,2
NRIP3,0.0,0.0,0.0348884129543826,1.0,0.0,0.20697768259087654,2
S100A1,0.0,0.0,0.034872223378280894,1.0,0.0,0.20697444467565618,2
SNTG2,0.0,0.0,0.3679752534792889,0.6667,0.0,0.20693505069585777,2
MYCT1,0.0,0.0,0.3677565814377116,0.6667,0.0,0.20689131628754232,2
EPS8L3,0.0,0.0,0.03434904208598693,1.0,0.0,0.2068698084171974,2
SLC2A3,0.0,0.0,0.034230423276215984,1.0,0.0,0.2068460846552432,2
PRUNE2,0.0,0.0,0.4960422063901988,0.5376,0.0,0.20672844127803977,2
HIST1H2AM,0.0,0.0,0.3664367527317572,0.6667,0.0,0.20662735054635142,2
HOPX,0.0,0.0,0.033116698791011784,1.0,0.0,0.20662333975820238,2
SORCS1,0.0,0.0,0.36632524374900544,0.6667,0.0,0.20660504874980107,2
C1QTNF4,0.0,0.0,0.36594066223975014,0.6667,0.0,0.20652813244795,2
ANO3,0.0,0.0,0.032617018150752915,1.0,0.0,0.2065234036301506,2
CREB3L1,0.0,0.0,0.03255489191715359,1.0,0.0,0.20651097838343074,2
CCND2,0.0,0.0,0.36574821861342655,0.6667,0.0,0.2064896437226853,2
SPC25,0.0,0.0,0.5022477489806568,0.5298,0.0,0.20640954979613138,2
GABRQ,0.0,0.0,0.03143325532635041,1.0,0.0,0.20628665106527008,2
ANKRD1,0.0,0.0,0.031415345800557756,1.0,0.0,0.20628306916011158,2
PURG,0.0,0.0,0.364674884597703,0.6667,0.0,0.20627497691954058,2
MT1X,0.0,0.0,0.031147468945545594,1.0,0.0,0.20622949378910913,2
HGF,0.0,0.0,0.364088446933419,0.6667,0.0,0.20615768938668377,2
EPHA5,0.0,0.0,0.36395188883135343,0.6667,0.0,0.2061303777662707,2
STK33,0.0,0.0,0.03060241790824329,1.0,0.0,0.20612048358164867,2
GLOD5,0.0,0.0,0.030596149972080378,1.0,0.0,0.2061192299944161,2
PEAR1,0.0,0.0,0.36339984729864694,0.6667,0.0,0.2060199694597294,2
SDC1,0.0,0.0,0.3880389428852345,0.6416,0.0,0.2059277885770469,2
GRB7,0.0,0.0,0.21230884143824016,0.8169,0.0,0.20584176828764802,2
SYTL4,0.0,0.0,0.3624816343766341,0.6667,0.0,0.20583632687532682,2
ASPG,0.0,0.0,0.02907728644782478,1.0,0.0,0.20581545728956496,2
ADAMTS9-AS2,0.0,0.36229982122737464,0.0,0.6667,0.0,0.20579996424547492,2
MORN5,0.0,0.0,0.028929165055690147,1.0,0.0,0.20578583301113804,2
NLGN1,0.0,0.0,0.36203188584729784,0.6667,0.0,0.20574637716945954,2
FOLR3,0.0,0.0,0.02862418550288209,1.0,0.0,0.20572483710057643,2
ATP8A1,0.0,0.0,0.028325168495368012,1.0,0.0,0.2056650336990736,2
LILRB1,0.0,0.0,0.0281871785296555,1.0,0.0,0.2056374357059311,2
GEM,0.0,0.0,0.36125621486230414,0.6667,0.0,0.2055912429724608,2
GRN,0.0,0.0,0.08876513484347161,0.939,0.0,0.20555302696869432,2
EBF1,0.0,0.0,0.3609637931468625,0.6667,0.0,0.20553275862937248,2
ANKRD50,0.0,0.0,0.027524594503571857,1.0,0.0,0.20550491890071437,2
ZNF215,0.0,0.0,0.02734638386657936,1.0,0.0,0.2054692767733159,2
DNASE1L3,0.0,0.0,0.36056241758987173,0.6667,0.0,0.20545248351797435,2
KIAA1755,0.0,0.0,0.36052336979097677,0.6667,0.0,0.20544467395819532,2
RNF144B,0.0,0.0,0.02694487132651832,1.0,0.0,0.20538897426530367,2
NKX2-1,0.0,0.0,0.026823198870721324,1.0,0.0,0.20536463977414426,2
DGCR5,0.0,0.0,0.02681246069683936,1.0,0.0,0.20536249213936789,2
KCND3,0.0,0.0,0.35982662427869416,0.6667,0.0,0.20530532485573882,2
FCN3,0.0,0.0,0.026514607784847797,1.0,0.0,0.20530292155696958,2
VENTX,0.0,0.0,0.026321076907938046,1.0,0.0,0.20526421538158762,2
CCDC141,0.0,0.0,0.3596090005001746,0.6667,0.0,0.20526180010003492,2
C1QB,0.0,0.0,0.026162458729676475,1.0,0.0,0.2052324917459353,2
CTPS2,0.0,0.0,0.025722415491349425,1.0,0.0,0.2051444830982699,2
C11orf92,0.0,0.0,0.02563888860697776,1.0,0.0,0.20512777772139557,2
GPR12,0.0,0.0,0.02537926515623074,1.0,0.0,0.20507585303124615,2
PLA2G3,0.0,0.0,0.3579537592176483,0.6667,0.0,0.20493075184352966,2
NAV3,0.0,0.0,0.35766547711376406,0.6667,0.0,0.20487309542275278,2
DTX1,0.0,0.0,0.023967456072696344,1.0,0.0,0.20479349121453927,2
NRXN1,0.0,0.0,0.3570334181676612,0.6667,0.0,0.2047466836335322,2
MSR1,0.0,0.0,0.023705172983397863,1.0,0.0,0.20474103459667958,2
CCDC60,0.0,0.0,0.023400748682016168,1.0,0.0,0.20468014973640325,2
CASP5,0.0,0.0,0.02325997022519557,1.0,0.0,0.20465199404503912,2
CD82,0.0,0.0,0.0231534483904786,1.0,0.0,0.20463068967809572,2
MNX1,0.0,0.0,0.3559067685353513,0.6667,0.0,0.20452135370707025,2
C3orf55,0.0,0.0,0.022383939202257893,1.0,0.0,0.2044767878404516,2
C17orf67,0.0,0.0,0.02236581165863624,1.0,0.0,0.20447316233172727,2
SHE,0.0,0.0,0.35566248663764893,0.6667,0.0,0.20447249732752976,2
C1QTNF3,0.0,0.0,0.02225493095016162,1.0,0.0,0.20445098619003232,2
TEK,0.0,0.0,0.3555478110269111,0.6667,0.0,0.20444956220538218,2
ENPP2,0.0,0.0,0.3555362801332772,0.6667,0.0,0.20444725602665542,2
KY,0.0,0.0,0.3555350882936888,0.6667,0.0,0.20444701765873774,2
PDE4DIP,0.0,0.0,0.022185542021825235,1.0,0.0,0.20443710840436505,2
FPR2,0.0,0.0,0.022123244780903464,1.0,0.0,0.2044246489561807,2
SLC2A5,0.0,0.0,0.021616201004167338,1.0,0.0,0.20432324020083348,2
MAPK10,0.0,0.0,0.3544946779138599,0.6667,0.0,0.20423893558277195,2
MEIS2,0.0,0.0,0.3543849756783959,0.6667,0.0,0.20421699513567915,2
SHISA3,0.0,0.0,0.021081853946491952,1.0,0.0,0.2042163707892984,2
FRMD6,0.0,0.0,0.35438074482278714,0.6667,0.0,0.20421614896455742,2
HES2,0.0,0.0,0.3540761588881145,0.6667,0.0,0.2041552317776229,2
SLC47A1,0.0,0.0,0.020689975236049134,1.0,0.0,0.20413799504720984,2
TCP11L1,0.0,0.0,0.020455648036688208,1.0,0.0,0.20409112960733766,2
BUB1,0.0,0.0,0.5182878771893439,0.5021,0.0,0.2040775754378688,2
GCNT1,0.0,0.0,0.020354890481538376,1.0,0.0,0.2040709780963077,2
LOC154761,0.0,0.0,0.10722345473031607,0.9131,0.0,0.20406469094606322,2
PRICKLE1,0.0,0.31316895164535746,0.25555860595252244,0.4515,0.0,0.204045511519576,3
NEO1,0.0,0.0,0.02021633608122533,1.0,0.0,0.20404326721624508,2
IL1RAPL2,0.0,0.0,0.020046151505748396,1.0,0.0,0.2040092303011497,2
SNAPC4,0.0,0.0,0.019880959514128764,1.0,0.0,0.20397619190282576,2
SYTL2,0.0,0.0,0.01957748785299388,1.0,0.0,0.2039154975705988,2
LMF1,0.0,0.0,0.01953603574185527,1.0,0.0,0.20390720714837107,2
PTX3,0.0,0.0,0.019518376306757745,1.0,0.0,0.20390367526135156,2
HOXA10,0.0,0.0,0.01950190352086678,1.0,0.0,0.20390038070417338,2
LRRIQ3,0.0,0.0,0.019135051834889064,1.0,0.0,0.2038270103669778,2
FPR3,0.0,0.0,0.019077451039921523,1.0,0.0,0.2038154902079843,2
GNAI1,0.0,0.0,0.0190589338549092,1.0,0.0,0.20381178677098186,2
CD163,0.0,0.0,0.019028592686007744,1.0,0.0,0.20380571853720156,2
SLC37A3,0.0,0.0,0.018956411198399303,1.0,0.0,0.20379128223967988,2
RFX4,0.0,0.0,0.018867552795074193,1.0,0.0,0.20377351055901485,2
RFX3,0.0,0.0,0.01886581947241677,1.0,0.0,0.20377316389448336,2
CCDC144A,0.0,0.0,0.018854869474940847,1.0,0.0,0.2037709738949882,2
MMP11,0.0,0.0,0.01852567112474415,1.0,0.0,0.20370513422494885,2
MEGF11,0.0,0.0,0.01821355141015231,1.0,0.0,0.20364271028203046,2
ADCY1,0.0,0.0,0.01786111090116264,1.0,0.0,0.20357222218023255,2
TNNT1,0.0,0.0,0.3511454731838421,0.6667,0.0,0.20356909463676842,2
NODAL,0.0,0.0,0.017797398822827066,1.0,0.0,0.20355947976456543,2
DNAJB1,0.0,0.0,0.01776675267344622,1.0,0.0,0.20355335053468926,2
SYNGR2,0.0,0.0,0.07762524918909608,0.94,0.0,0.20352504983781922,2
DFNB59,0.0,0.0,0.017467438070158083,1.0,0.0,0.20349348761403163,2
WFDC12,0.0,0.0,0.017454431291897072,1.0,0.0,0.20349088625837944,2
EFCAB6,0.0,0.0,0.01690347414742352,1.0,0.0,0.2033806948294847,2
LOC90246,0.0,0.0,0.016553349099501628,1.0,0.0,0.20331066981990034,2
C1QC,0.0,0.0,0.016472358641579424,1.0,0.0,0.20329447172831588,2
NBEA,0.0,0.0,0.349445282120675,0.6667,0.0,0.20322905642413497,2
LOC100128554,0.0,0.0,0.01597190152585604,1.0,0.0,0.20319438030517123,2
KRT74,0.0,0.0,0.0155511091271171,1.0,0.0,0.20311022182542343,2
APCDD1,0.0,0.0,0.015366607005044577,1.0,0.0,0.20307332140100892,2
ZNF157,0.0,0.0,0.014957196187120872,1.0,0.0,0.2029914392374242,2
ANK2,0.0,0.0,0.34809647330894056,0.6667,0.0,0.20295929466178808,2
ADAP2,0.0,0.0,0.014436391073596127,1.0,0.0,0.20288727821471925,2
PRIM1,0.0,0.0,0.014239298377000192,1.0,0.0,0.20284785967540006,2
TAL1,0.0,0.0,0.34753611118821454,0.6667,0.0,0.2028472222376429,2
SLC5A10,0.0,0.0,0.014209378765929532,1.0,0.0,0.2028418757531859,2
INMT,0.0,0.0,0.34746129141247867,0.6667,0.0,0.20283225828249574,2
FAM135B,0.0,0.0,0.01387797529730049,1.0,0.0,0.2027755950594601,2
SLCO6A1,0.0,0.0,0.013848360738092143,1.0,0.0,0.20276967214761843,2
OR1J2,0.0,0.0,0.013729478610612729,1.0,0.0,0.20274589572212257,2
SLC40A1,0.0,0.0,0.01336288127487087,1.0,0.0,0.20267257625497417,2
NOSTRIN,0.0,0.0,0.3466391474319314,0.6667,0.0,0.2026678294863863,2
PNPLA7,0.0,0.14603167368733574,0.20058397603582753,0.6667,0.0,0.20266312994463265,3
LIMS2,0.0,0.0,0.34629830906651743,0.6667,0.0,0.20259966181330347,2
SLC35D3,0.0,0.0,0.012814399144497085,1.0,0.0,0.20256287982889942,2
CADM3,0.0,0.0,0.3460623657561681,0.6667,0.0,0.2025524731512336,2
TRIM16,0.0,0.0,0.012633919107402306,1.0,0.0,0.20252678382148048,2
ATP6V1B2,0.0,0.0,0.012095435812396306,1.0,0.0,0.20241908716247928,2
ZNF836,0.0,0.0,0.01204075581106847,1.0,0.0,0.2024081511622137,2
PILRA,0.0,0.0,0.011850500275170994,1.0,0.0,0.2023701000550342,2
CD9,0.0,0.0,0.011815980960729958,1.0,0.0,0.202363196192146,2
COL4A2,0.0,0.0,0.011780435869370855,1.0,0.0,0.20235608717387418,2
GLI3,0.0,0.0,0.3449603978228191,0.6667,0.0,0.2023320795645638,2
TSEN54,0.0,0.0,0.12228324884587785,0.8891,0.0,0.2022766497691756,2
PDCD10,0.0,0.0,0.011303195961032485,1.0,0.0,0.20226063919220652,2
CD86,0.0,0.0,0.011075058387169509,1.0,0.0,0.20221501167743391,2
FAT4,0.0,0.0,0.34396941797355773,0.6667,0.0,0.20213388359471152,2
ADAMTS4,0.0,0.0,0.010580446545424201,1.0,0.0,0.20211608930908484,2
CDX1,0.0,0.0,0.01053319582618531,1.0,0.0,0.20210663916523708,2
CLEC7A,0.0,0.0,0.010354221145766252,1.0,0.0,0.20207084422915325,2
CLEC4M,0.0,0.0,0.49595611778659365,0.5142,0.0,0.20203122355731873,2
CA3,0.0,0.0,0.3433486278553242,0.6667,0.0,0.20200972557106484,2
ANXA13,0.0,0.0,0.4345811019616432,0.5754,0.0,0.20199622039232867,2
FCGR2A,0.0,0.0,0.009554268280704699,1.0,0.0,0.20191085365614095,2
ZNF497,0.0,0.0,0.0095291816076428,1.0,0.0,0.20190583632152856,2
FAM198B,0.0,0.0,0.34282709514535675,0.6667,0.0,0.20190541902907133,2
KCNV1,0.0,0.0,0.009118949335951164,1.0,0.0,0.20182378986719024,2
PCDH18,0.0,0.0,0.3424161760267784,0.6667,0.0,0.20182323520535567,2
MEF2C,0.0,0.0,0.3420753813389914,0.6667,0.0,0.20175507626779826,2
ZG16,0.0,0.0,0.008703176900302565,1.0,0.0,0.2017406353800605,2
LCTL,0.0,0.0,0.008432960724510639,1.0,0.0,0.20168659214490214,2
SPDYA,0.0,0.0,0.008420845594545319,1.0,0.0,0.20168416911890907,2
SKA1,0.0,0.0,0.4557606455535856,0.5526,0.0,0.20167212911071714,2
RAB23,0.0,0.0,0.2381382210403738,0.7702,0.0,0.20166764420807476,2
MIXL1,0.0,0.0,0.007854934843303497,1.0,0.0,0.20157098696866071,2
MAGI1,0.0,0.0,0.007806881199472257,1.0,0.0,0.20156137623989445,2
PTGDR,0.0,0.0,0.2724692074364744,0.7353,0.0,0.20155384148729488,2
NINJ1,0.0,0.0,0.007703451001325654,1.0,0.0,0.20154069020026513,2
HADH,0.0,0.0,0.0075692728471487385,1.0,0.0,0.20151385456942975,2
DDX58,0.0,0.0,0.007526819319306671,1.0,0.0,0.20150536386386134,2
ZNF785,0.0,0.0,0.007524125573034517,1.0,0.0,0.2015048251146069,2
GPR125,0.0,0.0,0.007182197525289263,1.0,0.0,0.20143643950505785,2
PCDHB4,0.0,0.0,0.3403477564648185,0.6667,0.0,0.20140955129296367,2
KLHL3,0.0,0.0,0.03735335077828951,0.9696,0.0,0.20139067015565792,2
TTK,0.0,0.0,0.5197490466975644,0.4872,0.0,0.2013898093395129,2
ADIG,0.0,0.0,0.006870470688710066,1.0,0.0,0.20137409413774202,2
HIST1H4L,0.0,0.0,0.006729307304464974,1.0,0.0,0.201345861460893,2
PGM1,0.0,0.0,0.006586487124387564,1.0,0.0,0.20131729742487753,2
TNNT3,0.0,0.0,0.41640784578600326,0.5897,0.0,0.20122156915720066,2
LCN6,0.0,0.0,0.446900573319089,0.5592,0.0,0.2012201146638178,2
FGF16,0.0,0.0,0.006032474299009881,1.0,0.0,0.201206494859802,2
FAM170B,0.0,0.0,0.005932722382764496,1.0,0.0,0.2011865444765529,2
SDS,0.0,0.0,0.3386642896719464,0.6667,0.0,0.20107285793438928,2
FNDC5,0.0,0.0,0.3377265310116724,0.6667,0.0,0.20088530620233447,2
DCAKD,0.0,0.0,0.0042294817994633594,1.0,0.0,0.2008458963598927,2
C1QTNF2,0.0,0.0,0.33724498516958945,0.6667,0.0,0.2007889970339179,2
HSPA12B,0.0,0.0,0.3364624349582805,0.6667,0.0,0.2006324869916561,2
MAL2,0.0,0.0,0.3364197400774967,0.6667,0.0,0.20062394801549932,2
TACR1,0.0,0.0,0.33624822891480455,0.6667,0.0,0.2005896457829609,2
CALD1,0.0,0.0,0.336020875984082,0.6667,0.0,0.2005441751968164,2
AQP1,0.0,0.0,0.3351906079648387,0.6667,0.0,0.20037812159296772,2
DPYSL3,0.0,0.0,0.33443815163880747,0.6667,0.0,0.20022763032776147,2
RASGRP2,0.0,0.0,0.3343865465220351,0.6667,0.0,0.200217309304407,2
PARM1,0.0,0.0,0.334371892678042,0.6667,0.0,0.2002143785356084,2
RTKN2,0.0,0.0,0.33409342596455394,0.6667,0.0,0.20015868519291077,2
NKAPL,0.0,0.0,0.3340601436124757,0.6667,0.0,0.20015202872249513,2
SPIN1,0.0,0.0,0.04528357880182055,0.9554,0.0,0.20013671576036413,2
ST8SIA1,0.0,0.0,0.33372157648368644,0.6667,0.0,0.20008431529673726,2
FBN1,0.0,0.0,0.33354160281998463,0.6667,0.0,0.2000483205639969,2
RP11-722E23.2,0.0,0.0,0.0,1.0,0.0,0.2,1
RP11-710C12.1,0.0,0.0,0.0,1.0,0.0,0.2,1
RP5-1074L1.4,0.0,0.0,0.0,1.0,0.0,0.2,1
RP4-612B15.3,0.0,0.0,0.0,1.0,0.0,0.2,1
RP4-575N6.5,0.0,0.0,0.0,1.0,0.0,0.2,1
SCGB2A2,0.0,0.0,0.0,1.0,0.0,0.2,1
C2orf83,0.0,0.0,0.0,1.0,0.0,0.2,1
C2orf27A,0.0,0.0,0.0,1.0,0.0,0.2,1
RP11-747H7.3,0.0,0.0,0.0,1.0,0.0,0.2,1
RP11-75C9.1,0.0,0.0,0.0,1.0,0.0,0.2,1
RP11-7F17.4,0.0,0.0,0.0,1.0,0.0,0.2,1
EML6,0.0,0.0,0.0,1.0,0.0,0.2,1
RP11-251G23.5,0.0,0.0,0.0,1.0,0.0,0.2,1
S100B,0.0,0.0,0.0,1.0,0.0,0.2,1
SATB2-AS1,0.0,0.0,0.0,1.0,0.0,0.2,1
RP11-846E15.4,0.0,0.0,0.0,1.0,0.0,0.2,1
C2orf88,0.0,0.0,0.0,1.0,0.0,0.2,1
C3AR1,0.0,0.0,0.0,1.0,0.0,0.2,1
C4orf22,0.0,0.0,0.0,1.0,0.0,0.2,1
C5AR1,0.0,0.0,0.0,1.0,0.0,0.2,1
C5orf64,0.0,0.0,0.0,1.0,0.0,0.2,1
RP11-378A13.1,0.0,0.0,0.0,1.0,0.0,0.2,1
RP11-39H13.1,0.0,0.0,0.0,1.0,0.0,0.2,1
RP11-44F21.5,0.0,0.0,0.0,1.0,0.0,0.2,1
RP11-783K16.13,0.0,0.0,0.0,1.0,0.0,0.2,1
EPSTI1,0.0,0.0,0.0,1.0,0.0,0.2,1
C9orf135,0.0,0.0,0.0,1.0,0.0,0.2,1
C8orf22,0.0,0.0,0.0,1.0,0.0,0.2,1
C1QA,0.0,0.0,0.0,1.0,0.0,0.2,1
SCGB2A1,0.0,0.0,0.0,1.0,0.0,0.2,1
C1QTNF9B-AS1,0.0,0.0,0.0,1.0,0.0,0.2,1
SHISA2,0.0,0.0,0.0,1.0,0.0,0.2,1
RP11-495K9.3,0.0,0.0,0.0,1.0,0.0,0.2,1
S100A4,0.0,0.0,0.0,1.0,0.0,0.2,1
RYR1,0.0,0.0,0.0,1.0,0.0,0.2,1
RXFP1,0.0,0.0,0.0,1.0,0.0,0.2,1
RTP3,0.0,0.0,0.0,1.0,0.0,0.2,1
ZNF571-AS1,0.0,0.0,0.0,1.0,0.0,0.2,1
TNP2,0.0,0.0,0.0,1.0,0.0,0.2,1
TMEM52B,0.0,0.0,0.0,1.0,0.0,0.2,1
TMPRSS6,0.0,0.0,0.0,1.0,0.0,0.2,1
SESN3,0.0,0.0,0.0,1.0,0.0,0.2,1
C20orf85,0.0,0.0,0.0,1.0,0.0,0.2,1
C20orf62,0.0,0.0,0.0,1.0,0.0,0.2,1
RP13-20L14.1,0.0,0.0,0.0,1.0,0.0,0.2,1
RP11-97C16.1,0.0,0.0,0.0,1.0,0.0,0.2,1
RP11-862L9.3,0.0,0.0,0.0,1.0,0.0,0.2,1
LHFPL3-AS1,0.0,0.0,0.0,1.0,0.0,0.2,1
LINC01268,0.0,0.0,0.0,1.0,0.0,0.2,1
C1QTNF6,0.0,0.0,0.0,1.0,0.0,0.2,1
LINC01234,0.0,0.0,0.0,1.0,0.0,0.2,1
LINC01231,0.0,0.0,0.0,1.0,0.0,0.2,1
LINC01140,0.0,0.0,0.0,1.0,0.0,0.2,1
KHDRBS3,0.0,0.0,0.0,1.0,0.0,0.2,1
KIAA0125,0.0,0.0,0.0,1.0,0.0,0.2,1
LAMP5,0.0,0.0,0.0,1.0,0.0,0.2,1
ERCC6L2,0.0,0.0,0.0,1.0,0.0,0.2,1
ERC2-IT1,0.0,0.0,0.0,1.0,0.0,0.2,1
LINC01241,0.0,0.0,0.0,1.0,0.0,0.2,1
LINC00226,0.0,0.0,0.0,1.0,0.0,0.2,1
LINC00202-1,0.0,0.0,0.0,1.0,0.0,0.2,1
PWAR6,0.0,0.0,0.0,1.0,0.0,0.2,1
RHO,0.0,0.0,0.0,1.0,0.0,0.2,1
RGS1,0.0,0.0,0.0,1.0,0.0,0.2,1
PTGS1,0.0,0.0,0.0,1.0,0.0,0.2,1
CCDC30,0.0,0.0,0.0,1.0,0.0,0.2,1
RBP1,0.0,0.0,0.0,1.0,0.0,0.2,1
EN2,0.0,0.0,0.0,1.0,0.0,0.2,1
CASC15,0.0,0.0,0.0,1.0,0.0,0.2,1
RP11-180N14.1,0.0,0.0,0.0,1.0,0.0,0.2,1
RP11-119F7.5,0.0,0.0,0.0,1.0,0.0,0.2,1
RP11-1114A5.4,0.0,0.0,0.0,1.0,0.0,0.2,1
RP11-1078H9.6,0.0,0.0,0.0,1.0,0.0,0.2,1
RP11-1017G21.4,0.0,0.0,0.0,1.0,0.0,0.2,1
RP11-1007O24.2,0.0,0.0,0.0,1.0,0.0,0.2,1
ROBO2,0.0,0.0,0.0,1.0,0.0,0.2,1
CASC22,0.0,0.0,0.0,1.0,0.0,0.2,1
PRPS1L1,0.0,0.0,0.0,1.0,0.0,0.2,1
TRHR,0.0,0.0,0.0,1.0,0.0,0.2,1
TRAV12-2,0.0,0.0,0.0,1.0,0.0,0.2,1
RAB42,0.0,0.0,0.0,1.0,0.0,0.2,1
PZP,0.0,0.0,0.0,1.0,0.0,0.2,1
PWRN2,0.0,0.0,0.0,1.0,0.0,0.2,1
EPHA7,0.0,0.0,0.0,1.0,0.0,0.2,1
LINC00598,0.0,0.0,0.0,1.0,0.0,0.2,1
LINC00261,0.0,0.0,0.0,1.0,0.0,0.2,1
LINC00540,0.0,0.0,0.0,1.0,0.0,0.2,1
LOC100505716,0.0,0.0,0.0,1.0,0.0,0.2,1
LOC100505501,0.0,0.0,0.0,1.0,0.0,0.2,1
LOC100288310,0.0,0.0,0.0,1.0,0.0,0.2,1
LOC100271832,0.0,0.0,0.0,1.0,0.0,0.2,1
LOC100131262,0.0,0.0,0.0,1.0,0.0,0.2,1
LINC00276,0.0,0.0,0.0,1.0,0.0,0.2,1
LINC00271,0.0,0.0,0.0,1.0,0.0,0.2,1
LINC00561,0.0,0.0,0.0,1.0,0.0,0.2,1
RP11-250B2.3,0.0,0.0,0.0,1.0,0.0,0.2,1
RP11-235E17.4,0.0,0.0,0.0,1.0,0.0,0.2,1
RP11-219B4.3,0.0,0.0,0.0,1.0,0.0,0.2,1
RP11-201A3.1,0.0,0.0,0.0,1.0,0.0,0.2,1
RP11-186F10.2,0.0,0.0,0.0,1.0,0.0,0.2,1
RP11-708J19.1,0.0,0.0,0.0,1.0,0.0,0.2,1
RP11-680F8.4,0.0,0.0,0.0,1.0,0.0,0.2,1
RP11-669I1.1,0.0,0.0,0.0,1.0,0.0,0.2,1
RNMT,0.0,0.0,0.0,1.0,0.0,0.2,1
RP11-546O6.4,0.0,0.0,0.0,1.0,0.0,0.2,1
RP11-52A20.2,0.0,0.0,0.0,1.0,0.0,0.2,1
RP11-508N22.12,0.0,0.0,0.0,1.0,0.0,0.2,1
RP11-506O24.2,0.0,0.0,0.0,1.0,0.0,0.2,1
RP11-502N13.2,0.0,0.0,0.0,1.0,0.0,0.2,1
RP11-489G11.3,0.0,0.0,0.0,1.0,0.0,0.2,1
RP11-471B22.2,0.0,0.0,0.0,1.0,0.0,0.2,1
RP11-456O19.2,0.0,0.0,0.0,1.0,0.0,0.2,1
RP11-650K20.3,0.0,0.0,0.0,1.0,0.0,0.2,1
RASGEF1A,0.0,0.0,0.0,1.0,0.0,0.2,1
RARRES1,0.0,0.0,0.0,1.0,0.0,0.2,1
RAPGEF4-AS1,0.0,0.0,0.0,1.0,0.0,0.2,1
RNASE11,0.0,0.0,0.0,1.0,0.0,0.2,1
RN7SL303P,1.0,0.0,0.0,0.0,0.0,0.2,1
RN7SKP150,0.0,0.0,0.0,1.0,0.0,0.2,1
RITA1,0.0,0.0,0.0,1.0,0.0,0.2,1
RP11-36B6.1,0.0,0.0,0.0,1.0,0.0,0.2,1
RBP2,0.0,0.0,0.0,1.0,0.0,0.2,1
RP11-365H22.2,0.0,0.0,0.0,1.0,0.0,0.2,1
RP11-327J17.2,0.0,0.0,0.0,1.0,0.0,0.2,1
RP11-326I11.5,0.0,0.0,0.0,1.0,0.0,0.2,1
RP11-304C12.3,0.0,0.0,0.0,1.0,0.0,0.2,1
RP11-300A12.2,0.0,0.0,0.0,1.0,0.0,0.2,1
RP11-295M18.6,0.0,0.0,0.0,1.0,0.0,0.2,1
RP11-278J20.2,0.0,0.0,0.0,1.0,0.0,0.2,1
RBP4,0.0,0.0,0.0,1.0,0.0,0.2,1
RP11-369C8.1,0.0,0.0,0.0,1.0,0.0,0.2,1
VWA8-AS1,0.0,0.0,0.0,1.0,0.0,0.2,1
FAM218A,0.0,0.0,0.0,1.0,0.0,0.2,1
FAM20C,0.0,0.0,0.0,1.0,0.0,0.2,1
FAM209B,0.0,0.0,0.0,1.0,0.0,0.2,1
FAM207A,0.0,0.0,0.0,1.0,0.0,0.2,1
FAM19A2,0.0,0.0,0.0,1.0,0.0,0.2,1
FAM154B,0.0,0.0,0.0,1.0,0.0,0.2,1
CAMK1G,0.0,0.0,0.0,1.0,0.0,0.2,1
IL22,0.0,0.0,0.0,1.0,0.0,0.2,1
IGLL1,0.0,0.0,0.0,1.0,0.0,0.2,1
FAM110D,0.0,0.0,0.0,1.0,0.0,0.2,1
BMPR1B,0.0,0.0,0.0,1.0,0.0,0.2,1
BLID,0.0,0.0,0.0,1.0,0.0,0.2,1
ATF7IP2,0.0,0.0,0.0,1.0,0.0,0.2,1
ASZ1,0.0,0.0,0.0,1.0,0.0,0.2,1
ASCL3,0.0,0.0,0.0,1.0,0.0,0.2,1
FAM149A,0.0,0.0,0.0,1.0,0.0,0.2,1
SRRM2-AS1,0.0,0.0,0.0,1.0,0.0,0.2,1
SRCIN1,0.0,0.0,0.0,1.0,0.0,0.2,1
SQRDL,0.0,0.0,0.0,1.0,0.0,0.2,1
SPOCD1,0.0,0.0,0.0,1.0,0.0,0.2,1
SPATA32,0.0,0.0,0.0,1.0,0.0,0.2,1
SPANXA2-OT1,0.0,0.0,0.0,1.0,0.0,0.2,1
SPAG8,0.0,0.0,0.0,1.0,0.0,0.2,1
SOX6,0.0,0.0,0.0,1.0,0.0,0.2,1
ZBED3,0.0,0.0,0.0,1.0,0.0,0.2,1
SORCS3-AS1,0.0,0.0,0.0,1.0,0.0,0.2,1
SLC5A1,0.0,0.0,0.0,1.0,0.0,0.2,1
SYCE1L,0.0,0.0,0.0,1.0,0.0,0.2,1
SULT2A1,0.0,0.0,0.0,1.0,0.0,0.2,1
STK32A,0.0,0.0,0.0,1.0,0.0,0.2,1
STARD13-AS,0.0,0.0,0.0,1.0,0.0,0.2,1
SSSCA1-AS1,0.0,0.0,0.0,1.0,0.0,0.2,1
GABRA5,0.0,0.0,0.0,1.0,0.0,0.2,1
SOX5,0.0,0.0,0.0,1.0,0.0,0.2,1
DPH3P1,0.0,0.0,0.0,1.0,0.0,0.2,1
MIR194-2,0.0,0.0,0.0,1.0,0.0,0.2,1
FOLH1B,0.0,0.0,0.0,1.0,0.0,0.2,1
HSD3B2,0.0,0.0,0.0,1.0,0.0,0.2,1
THSD7B,0.0,0.0,0.0,1.0,0.0,0.2,1
THSD7A,0.0,0.0,0.0,1.0,0.0,0.2,1
AADAT,0.0,0.0,0.0,1.0,0.0,0.2,1
ARX,0.0,0.0,0.0,1.0,0.0,0.2,1
ARHGAP22,0.0,0.0,0.0,1.0,0.0,0.2,1
AQP3,0.0,0.0,0.0,1.0,0.0,0.2,1
APOBEC1,0.0,0.0,0.0,1.0,0.0,0.2,1
IGFBP7-AS1,0.0,0.0,0.0,1.0,0.0,0.2,1
IGF2BP2,0.0,0.0,0.0,1.0,0.0,0.2,1
IFNW1,0.0,0.0,0.0,1.0,0.0,0.2,1
IFNA7,0.0,0.0,0.0,1.0,0.0,0.2,1
IDH1-AS1,0.0,0.0,0.0,1.0,0.0,0.2,1
TLR8,0.0,0.0,0.0,1.0,0.0,0.2,1
ARMCX2,0.0,0.0,0.0,1.0,0.0,0.2,1
TAF7L,0.0,0.0,0.0,1.0,0.0,0.2,1
TFAP4,0.0,0.0,0.0,1.0,0.0,0.2,1
TESPA1,0.0,0.0,0.0,1.0,0.0,0.2,1
TENM4,0.0,0.0,0.0,1.0,0.0,0.2,1
AP006216.10,0.0,0.0,0.0,1.0,0.0,0.2,1
AP000253.1,0.0,0.0,0.0,1.0,0.0,0.2,1
MGC27382,0.0,0.0,0.0,1.0,0.0,0.2,1
ADAM3A,0.0,0.0,0.0,1.0,0.0,0.2,1
AC017104.6,0.0,0.0,0.0,1.0,0.0,0.2,1
AC092667.2,0.0,0.0,0.0,1.0,0.0,0.2,1
ZNF503-AS1,0.0,0.0,0.0,1.0,0.0,0.2,1
ZNF431,0.0,0.0,0.0,1.0,0.0,0.2,1
ZNF252P-AS1,0.0,0.0,0.0,1.0,0.0,0.2,1
ZNF213-AS1,0.0,0.0,0.0,1.0,0.0,0.2,1
ZIC3,0.0,0.0,0.0,1.0,0.0,0.2,1
ZC2HC1C,0.0,0.0,0.0,1.0,0.0,0.2,1
FNDC1,0.0,0.0,0.0,1.0,0.0,0.2,1
TMEM176B,0.0,0.0,0.0,1.0,0.0,0.2,1
TMEM154,0.0,0.0,0.0,1.0,0.0,0.2,1
TMEM108-AS1,0.0,0.0,0.0,1.0,0.0,0.2,1
C19orf81,0.0,0.0,0.0,1.0,0.0,0.2,1
C17orf99,0.0,0.0,0.0,1.0,0.0,0.2,1
C17orf78,0.0,0.0,0.0,1.0,0.0,0.2,1
C16orf82,0.0,0.0,0.0,1.0,0.0,0.2,1
B3GNT6,0.0,0.0,0.0,1.0,0.0,0.2,1
KLHL34,0.0,0.0,0.0,1.0,0.0,0.2,1
KIR2DS2,0.0,0.0,0.0,1.0,0.0,0.2,1
KIF21B,0.0,0.0,0.0,1.0,0.0,0.2,1
KIF12,0.0,0.0,0.0,1.0,0.0,0.2,1
KIAA1551,0.0,0.0,0.0,1.0,0.0,0.2,1
VWA8,0.0,0.0,0.0,1.0,0.0,0.2,1
VSTM4,0.0,0.0,0.0,1.0,0.0,0.2,1
VSIG4,0.0,0.0,0.0,1.0,0.0,0.2,1
ADM5,0.0,0.0,0.0,1.0,0.0,0.2,1
LINC00525,0.0,0.0,0.0,1.0,0.0,0.2,1
LINC00307,0.0,0.0,0.0,1.0,0.0,0.2,1
KB-1836B5.1,0.0,0.0,0.0,1.0,0.0,0.2,1
LA16c-358B7.3,0.0,0.0,0.0,1.0,0.0,0.2,1
KRTAP5-AS1,0.0,0.0,0.0,1.0,0.0,0.2,1
KRTAP19-1,0.0,0.0,0.0,1.0,0.0,0.2,1
KRTAP13-1,0.0,0.0,0.0,1.0,0.0,0.2,1
SCNN1G,0.0,0.0,0.0,1.0,0.0,0.2,1
SLC22A15,0.0,0.0,0.0,1.0,0.0,0.2,1
TP53TG5,0.0,0.0,0.0,1.0,0.0,0.2,1
TOX,0.0,0.0,0.0,1.0,0.0,0.2,1
GPR101,0.0,0.0,0.0,1.0,0.0,0.2,1
GPM6B,0.0,0.0,0.0,1.0,0.0,0.2,1
GPER1,0.0,0.0,0.0,1.0,0.0,0.2,1
GOLGA6L2,0.0,0.0,0.0,1.0,0.0,0.2,1
SLC26A8,0.0,0.0,0.0,1.0,0.0,0.2,1
SLC25A47,0.0,0.0,0.0,1.0,0.0,0.2,1
SCGN,0.0,0.0,0.0,1.0,0.0,0.2,1
C1D,0.0,0.0,0.0,1.0,0.0,0.2,1
BFSP1,0.0,0.0,0.0,1.0,0.0,0.2,1
BCL11A,0.0,0.0,0.0,1.0,0.0,0.2,1
EYA2,0.0,0.0,0.0,1.0,0.0,0.2,1
ERVH-6,0.0,0.0,0.0,1.0,0.0,0.2,1
KCNK15,0.0,0.0,0.0,1.0,0.0,0.2,1
KCNJ2-AS1,0.0,0.0,0.0,1.0,0.0,0.2,1
KCNIP2,0.0,0.0,0.0,1.0,0.0,0.2,1
VN1R3,0.0,0.0,0.0,1.0,0.0,0.2,1
ISM1,0.0,0.0,0.0,1.0,0.0,0.2,1
IRX1,0.0,0.0,0.0,1.0,0.0,0.2,1
IQUB,0.0,0.0,0.0,1.0,0.0,0.2,1
AL022344.5,0.0,0.0,0.0,1.0,0.0,0.2,1
AK5,0.0,0.0,0.0,1.0,0.0,0.2,1
AK131021,0.0,0.0,0.0,1.0,0.0,0.2,1
AK096159,0.0,0.0,0.0,1.0,0.0,0.2,1
BC033241,0.0,0.0,0.0,1.0,0.0,0.2,1
ERICH1-AS1,0.0,0.0,0.0,1.0,0.0,0.2,1
VN1R2,0.0,0.0,0.0,1.0,0.0,0.2,1
VMO1,0.0,0.0,0.0,1.0,0.0,0.2,1
AX748273,0.0,0.0,0.0,1.0,0.0,0.2,1
SLCO1C1,0.0,0.0,0.0,1.0,0.0,0.2,1
SLCO1B1,0.0,0.0,0.0,1.0,0.0,0.2,1
SLC6A11,0.0,0.0,0.0,1.0,0.0,0.2,1
SLC5A8,0.0,0.0,0.0,1.0,0.0,0.2,1
BRINP2,0.0,0.0,0.0,1.0,0.0,0.2,1
SLC16A8,0.0,0.0,0.0,1.0,0.0,0.2,1
SLC35G3,0.0,0.0,0.0,1.0,0.0,0.2,1
SLC28A2,0.0,0.0,0.0,1.0,0.0,0.2,1
SNX10,0.0,0.0,0.0,1.0,0.0,0.2,1
SNORA68,0.0,0.0,0.0,1.0,0.0,0.2,1
SNORA43,0.0,0.0,0.0,1.0,0.0,0.2,1
SMA4,0.0,0.0,0.0,1.0,0.0,0.2,1
SLX4,0.0,0.0,0.0,1.0,0.0,0.2,1
SLCO4A1-AS1,0.0,0.0,0.0,1.0,0.0,0.2,1
SIDT1,0.0,0.0,0.0,1.0,0.0,0.2,1
LOC574538,0.0,0.0,0.0,1.0,0.0,0.2,1
LOC440346,0.0,0.0,0.0,1.0,0.0,0.2,1
LOC400756,0.0,0.0,0.0,1.0,0.0,0.2,1
LOC339622,0.0,0.0,0.0,1.0,0.0,0.2,1
LOC286238,0.0,0.0,0.0,1.0,0.0,0.2,1
LOC286114,0.0,0.0,0.0,1.0,0.0,0.2,1
LOC285768,0.0,0.0,0.0,1.0,0.0,0.2,1
LOC285556,0.0,0.0,0.0,1.0,0.0,0.2,1
TSACC,0.0,0.0,0.0,1.0,0.0,0.2,1
USP9Y,0.0,0.0,0.0,1.0,0.0,0.2,1
USP30-AS1,0.0,0.0,0.0,1.0,0.0,0.2,1
UPP2,0.0,0.0,0.0,1.0,0.0,0.2,1
UNC13C,0.0,0.0,0.0,1.0,0.0,0.2,1
CYLC1,0.0,0.0,0.0,1.0,0.0,0.2,1
CYBB,0.0,0.0,0.0,1.0,0.0,0.2,1
NFKBIZ,0.0,0.0,0.0,1.0,0.0,0.2,1
FAM9C,0.0,0.0,0.0,1.0,0.0,0.2,1
UTS2,0.0,0.0,0.0,1.0,0.0,0.2,1
NEBL-AS1,0.0,0.0,0.0,1.0,0.0,0.2,1
NMRK2,0.0,0.0,0.0,1.0,0.0,0.2,1
NLRP5,0.0,0.0,0.0,1.0,0.0,0.2,1
NAPRT,0.0,0.0,0.0,1.0,0.0,0.2,1
NAALADL2,0.0,0.0,0.0,1.0,0.0,0.2,1
MYRF,0.0,0.0,0.0,1.0,0.0,0.2,1
MYOG,0.0,0.0,0.0,1.0,0.0,0.2,1
GVINP1,0.0,0.0,0.0,1.0,0.0,0.2,1
LOC101928730,0.0,0.0,0.0,1.0,0.0,0.2,1
CTD-2377D24.6,0.0,0.0,0.0,1.0,0.0,0.2,1
CTD-2373J6.1,0.0,0.0,0.0,1.0,0.0,0.2,1
CTD-2118P12.1,0.0,0.0,0.0,1.0,0.0,0.2,1
CTD-2083E4.4,0.0,0.0,0.0,1.0,0.0,0.2,1
CTC-471J1.2,0.0,0.0,0.0,1.0,0.0,0.2,1
CYP2B7P,0.0,0.0,0.0,1.0,0.0,0.2,1
CYP2A13,0.0,0.0,0.0,1.0,0.0,0.2,1
LOC101928779,0.0,0.0,0.0,1.0,0.0,0.2,1
NFIA-AS2,0.0,0.0,0.0,1.0,0.0,0.2,1
LOC101929628,0.0,0.0,0.0,1.0,0.0,0.2,1
LOC101929511,0.0,0.0,0.0,1.0,0.0,0.2,1
LOC101929505,0.0,0.0,0.0,1.0,0.0,0.2,1
LOC646522,0.0,0.0,0.0,1.0,0.0,0.2,1
LOC645321,0.0,0.0,0.0,1.0,0.0,0.2,1
LOC101928781,0.0,0.0,0.0,1.0,0.0,0.2,1
OLFM4,0.0,0.0,0.0,1.0,0.0,0.2,1
NLRP12,0.0,0.0,0.0,1.0,0.0,0.2,1
FAM71F2,0.0,0.0,0.0,1.0,0.0,0.2,1
ANKRD26P3,0.0,0.0,0.0,1.0,0.0,0.2,1
ANK3,0.0,0.0,0.0,1.0,0.0,0.2,1
OBSL1,0.0,0.0,0.0,1.0,0.0,0.2,1
NRROS,0.0,0.0,0.0,1.0,0.0,0.2,1
CPA2,0.0,0.0,0.0,1.0,0.0,0.2,1
CORIN,0.0,0.0,0.0,1.0,0.0,0.2,1
COLCA2,0.0,0.0,0.0,1.0,0.0,0.2,1
TTC39B,0.0,0.0,0.0,1.0,0.0,0.2,1
ANXA10,0.0,0.0,0.0,1.0,0.0,0.2,1
IGFBPL1,0.0,0.0,0.0,1.0,0.0,0.2,1
CTB-12O2.1,0.0,0.0,0.0,1.0,0.0,0.2,1
CREG1,0.0,0.0,0.0,1.0,0.0,0.2,1
NR2F1-AS1,0.0,0.0,0.0,1.0,0.0,0.2,1
NPM2,0.0,0.0,0.0,1.0,0.0,0.2,1
NPAS3,0.0,0.0,0.0,1.0,0.0,0.2,1
NOXRED1,0.0,0.0,0.0,1.0,0.0,0.2,1
OR10D3,0.0,0.0,0.0,1.0,0.0,0.2,1
LOC102723721,0.0,0.0,0.0,1.0,0.0,0.2,1
FBXL21,0.0,0.0,0.0,1.0,0.0,0.2,1
FBXL13,0.0,0.0,0.0,1.0,0.0,0.2,1
LOC145945,0.0,0.0,0.0,1.0,0.0,0.2,1
LOC102724880,0.0,0.0,0.0,1.0,0.0,0.2,1
LOC102724718,0.0,0.0,0.0,1.0,0.0,0.2,1
LOC102724312,0.0,0.0,0.0,1.0,0.0,0.2,1
LOC102724162,0.0,0.0,0.0,1.0,0.0,0.2,1
LOC102724021,0.0,0.0,0.0,1.0,0.0,0.2,1
OPN5,0.0,0.0,0.0,1.0,0.0,0.2,1
ZNF141,0.0,0.0,0.0,1.0,0.0,0.2,1
AC083843.1,0.0,0.0,0.0,1.0,0.0,0.2,1
AC079741.2,0.0,0.0,0.0,1.0,0.0,0.2,1
AC079305.10,0.0,0.0,0.0,1.0,0.0,0.2,1
AC068138.1,0.0,0.0,0.0,1.0,0.0,0.2,1
ZPBP2,0.0,0.0,0.0,1.0,0.0,0.2,1
GATA3-AS1,0.0,0.0,0.0,1.0,0.0,0.2,1
METRNL,0.0,0.0,0.0,1.0,0.0,0.2,1
CTSL,0.0,0.0,0.0,1.0,0.0,0.2,1
MAP1LC3C,0.0,0.0,0.0,1.0,0.0,0.2,1
DNAH12,0.0,0.0,0.0,1.0,0.0,0.2,1
DMBT1,0.0,0.0,0.0,1.0,0.0,0.2,1
DIS3L2,0.0,0.0,0.0,1.0,0.0,0.2,1
DGCR6L,0.0,0.0,0.0,1.0,0.0,0.2,1
DGCR12,0.0,0.0,0.0,1.0,0.0,0.2,1
LY6E,0.0,0.0,0.0,1.0,0.0,0.2,1
LPPR1,0.0,0.0,0.0,1.0,0.0,0.2,1
MAP7D2,0.0,0.0,0.0,1.0,0.0,0.2,1
TDRP,0.0,0.0,0.0,1.0,0.0,0.2,1
TCP10L,0.0,0.0,0.0,1.0,0.0,0.2,1
TCN1,0.0,0.0,0.0,1.0,0.0,0.2,1
TCL6,0.0,0.0,0.0,1.0,0.0,0.2,1
TCL1A,0.0,0.0,0.0,1.0,0.0,0.2,1
TBXAS1,0.0,0.0,0.0,1.0,0.0,0.2,1
FOXA3,0.0,0.0,0.0,1.0,0.0,0.2,1
FOXA2,0.0,0.0,0.0,1.0,0.0,0.2,1
GFI1,0.0,0.0,0.0,1.0,0.0,0.2,1
YTHDF3-AS1,0.0,0.0,0.0,1.0,0.0,0.2,1
GABRG3,0.0,0.0,0.0,1.0,0.0,0.2,1
APOA5,0.0,0.0,0.0,1.0,0.0,0.2,1
TAS2R38,0.0,0.0,0.0,1.0,0.0,0.2,1
WFDC11,0.0,0.0,0.0,1.0,0.0,0.2,1
WDR72,0.0,0.0,0.0,1.0,0.0,0.2,1
ALDOC,0.0,0.0,0.0,1.0,0.0,0.2,1
ALDH5A1,0.0,0.0,0.0,1.0,0.0,0.2,1
TIGD4,0.0,0.0,0.0,1.0,0.0,0.2,1
TUNAR,0.0,0.0,0.0,1.0,0.0,0.2,1
TUBA3FP,0.0,0.0,0.0,1.0,0.0,0.2,1
MAFB,0.0,0.0,0.0,1.0,0.0,0.2,1
MADCAM1,0.0,0.0,0.0,1.0,0.0,0.2,1
MACROD2-AS1,0.0,0.0,0.0,1.0,0.0,0.2,1
MACROD2,0.0,0.0,0.0,1.0,0.0,0.2,1
LYZ,0.0,0.0,0.0,1.0,0.0,0.2,1
LYPD5,0.0,0.0,0.0,1.0,0.0,0.2,1
LPAR5,0.0,0.0,0.0,1.0,0.0,0.2,1
MYO1A,0.0,0.0,0.0,1.0,0.0,0.2,1
MYL4,0.0,0.0,0.0,1.0,0.0,0.2,1
MUCL1,0.0,0.0,0.0,1.0,0.0,0.2,1
MT1M,0.0,0.0,0.0,1.0,0.0,0.2,1
DBH-AS1,0.0,0.0,0.0,1.0,0.0,0.2,1
MT1E,0.0,0.0,0.0,1.0,0.0,0.2,1
CWH43,0.0,0.0,0.0,1.0,0.0,0.2,1
CTSLP8,0.0,0.0,0.0,1.0,0.0,0.2,1
MLF1,0.0,0.0,0.0,1.0,0.0,0.2,1
LOC728061,0.0,0.0,0.0,1.0,0.0,0.2,1
LOC652993,0.0,0.0,0.0,1.0,0.0,0.2,1
MARCO,0.0,0.0,0.0,1.0,0.0,0.2,1
DYNLRB2,0.0,0.0,0.0,1.0,0.0,0.2,1
DRC1,0.0,0.0,0.0,1.0,0.0,0.2,1
MSX1,0.0,0.0,0.0,1.0,0.0,0.2,1
MS4A4A,0.0,0.0,0.0,1.0,0.0,0.2,1
MRAP2,0.0,0.0,0.0,1.0,0.0,0.2,1
TYROBP,0.0,0.0,0.0,1.0,0.0,0.2,1
MED12L,0.0,0.0,0.0,1.0,0.0,0.2,1
MOGAT2,0.0,0.0,0.0,1.0,0.0,0.2,1
MNDA,0.0,0.0,0.0,1.0,0.0,0.2,1
UCA1,0.0,0.0,0.0,1.0,0.0,0.2,1
UBN2,0.0,0.0,0.0,1.0,0.0,0.2,1
DOCK3,0.0,0.0,0.0,1.0,0.0,0.2,1
UBASH3A,0.0,0.0,0.0,1.0,0.0,0.2,1
UBALD2,0.0,0.0,0.0,1.0,0.0,0.2,1
NDRG1,0.0,0.0,0.0,1.0,0.0,0.2,1
LOC101928893,0.0,0.0,0.0,1.0,0.0,0.2,1
LOC101928797,0.0,0.0,0.0,1.0,0.0,0.2,1
LOC101928787,0.0,0.0,0.0,1.0,0.0,0.2,1
LOC100130417,0.0,0.0,0.0,1.0,0.0,0.2,1
LOC100129175,0.0,0.0,0.0,1.0,0.0,0.2,1
LOC100128198,0.0,0.0,0.0,1.0,0.0,0.2,1
LOC100127886,0.0,0.0,0.0,1.0,0.0,0.2,1
PKM,0.0,0.0,0.0,1.0,0.0,0.2,1
COL25A1,0.0,0.0,0.0,1.0,0.0,0.2,1
GPX2,0.0,0.0,0.0,1.0,0.0,0.2,1
CD84,0.0,0.0,0.0,1.0,0.0,0.2,1
CCDC184,0.0,0.0,0.0,1.0,0.0,0.2,1
CCDC170,0.0,0.0,0.0,1.0,0.0,0.2,1
CCDC11,0.0,0.0,0.0,1.0,0.0,0.2,1
CD70,0.0,0.0,0.0,1.0,0.0,0.2,1
CD14,0.0,0.0,0.0,1.0,0.0,0.2,1
CCNYL2,0.0,0.0,0.0,1.0,0.0,0.2,1
GRB10,0.0,0.0,0.0,1.0,0.0,0.2,1
CCDC65,0.0,0.0,0.0,1.0,0.0,0.2,1
PPEF2,0.0,0.0,0.0,1.0,0.0,0.2,1
POU3F1,0.0,0.0,0.0,1.0,0.0,0.2,1
PRR29,0.0,0.0,0.0,1.0,0.0,0.2,1
PRR26,0.0,0.0,0.0,1.0,0.0,0.2,1
PLSCR1,0.0,0.0,0.0,1.0,0.0,0.2,1
PLIN2,0.0,0.0,0.0,1.0,0.0,0.2,1
PLGLB2,0.0,0.0,0.0,1.0,0.0,0.2,1
LOC101928968,0.0,0.0,0.0,1.0,0.0,0.2,1
PLCB1,0.0,0.0,0.0,1.0,0.0,0.2,1
LINC00705,0.0,0.0,0.0,1.0,0.0,0.2,1
LINC00608,0.0,0.0,0.0,1.0,0.0,0.2,1
LOC100506851,0.0,0.0,0.0,1.0,0.0,0.2,1
LOC100506827,0.0,0.0,0.0,1.0,0.0,0.2,1
LOC100505776,0.0,0.0,0.0,1.0,0.0,0.2,1
LOC101929225,0.0,0.0,0.0,1.0,0.0,0.2,1
LOC101929073,0.0,0.0,0.0,1.0,0.0,0.2,1
PLG,0.0,0.0,0.0,1.0,0.0,0.2,1
LOC101926987,0.0,0.0,0.0,1.0,0.0,0.2,1
LINC01091,0.0,0.0,0.0,1.0,0.0,0.2,1
LINC01082,0.0,0.0,0.0,1.0,0.0,0.2,1
LINC00996,0.0,0.0,0.0,1.0,0.0,0.2,1
LINC00993,0.0,0.0,0.0,1.0,0.0,0.2,1
LINC00959,0.0,0.0,0.0,1.0,0.0,0.2,1
GJD2,0.0,0.0,0.0,1.0,0.0,0.2,1
GJB1,0.0,0.0,0.0,1.0,0.0,0.2,1
CCL2,0.0,0.0,0.0,1.0,0.0,0.2,1
PTAFR,0.0,0.0,0.0,1.0,0.0,0.2,1
PSORS1C3,0.0,0.0,0.0,1.0,0.0,0.2,1
PSMG3-AS1,0.0,0.0,0.0,1.0,0.0,0.2,1
PSD2,0.0,0.0,0.0,1.0,0.0,0.2,1
AADACP1,0.0,0.0,0.0,1.0,0.0,0.2,1
TRIML1,0.0,0.0,0.0,1.0,0.0,0.2,1
TRIM54,0.0,0.0,0.0,1.0,0.0,0.2,1
TRIM2,0.0,0.0,0.0,1.0,0.0,0.2,1
CCDC109B,0.0,0.0,0.0,1.0,0.0,0.2,1
PROK1,0.0,0.0,0.0,1.0,0.0,0.2,1
PRO2964,0.0,0.0,0.0,1.0,0.0,0.2,1
PRM3,0.0,0.0,0.0,1.0,0.0,0.2,1
PRKAG3,0.0,0.0,0.0,1.0,0.0,0.2,1
PPP1R9A,0.0,0.0,0.0,1.0,0.0,0.2,1
PPP1R26-AS1,0.0,0.0,0.0,1.0,0.0,0.2,1
FCRL3,0.0,0.0,0.0,1.0,0.0,0.2,1
FCGR2C,0.0,0.0,0.0,1.0,0.0,0.2,1
LOC101927071,0.0,0.0,0.0,1.0,0.0,0.2,1
GK3P,0.0,0.0,0.0,1.0,0.0,0.2,1
LINC01393,0.0,0.0,0.0,1.0,0.0,0.2,1
LINC01366,0.0,0.0,0.0,1.0,0.0,0.2,1
LINC01355,0.0,0.0,0.0,1.0,0.0,0.2,1
LOC101927287,0.0,0.0,0.0,1.0,0.0,0.2,1
LOC101927211,0.0,0.0,0.0,1.0,0.0,0.2,1
LOC101927122,0.0,0.0,0.0,1.0,0.0,0.2,1
LOC101927112,0.0,0.0,0.0,1.0,0.0,0.2,1
FCGR2B,0.0,0.0,0.0,1.0,0.0,0.2,1
IMPG2,0.0,0.0,0.0,1.0,0.0,0.2,1
IL2RB,0.0,0.0,0.0,1.0,0.0,0.2,1
FAM222A-AS1,0.0,0.0,0.0,1.0,0.0,0.2,1
FCER1G,0.0,0.0,0.0,1.0,0.0,0.2,1
FGF17,0.0,0.0,0.0,1.0,0.0,0.2,1
FERMT1,0.0,0.0,0.0,1.0,0.0,0.2,1
PCDHAC1,0.0,0.0,0.0,1.0,0.0,0.2,1
PCDH9,0.0,0.0,0.0,1.0,0.0,0.2,1
POLN,0.0,0.0,0.0,1.0,0.0,0.2,1
AMPD3,0.0,0.0,0.0,1.0,0.0,0.2,1
ALX4,0.0,0.0,0.0,1.0,0.0,0.2,1
ALS2CR12,0.0,0.0,0.0,1.0,0.0,0.2,1
ALG12,0.0,0.0,0.0,1.0,0.0,0.2,1
OSGIN2,0.0,0.0,0.0,1.0,0.0,0.2,1
PCGEM1,0.0,0.0,0.0,1.0,0.0,0.2,1
PCDP1,0.0,0.0,0.0,1.0,0.0,0.2,1
GTF3C4,0.0,0.0,0.0,1.0,0.0,0.2,1
PCAT19,0.0,0.0,0.0,1.0,0.0,0.2,1
CLN8,0.0,0.0,0.0,1.0,0.0,0.2,1
CLHC1,0.0,0.0,0.0,1.0,0.0,0.2,1
OSGIN1,0.0,0.0,0.0,1.0,0.0,0.2,1
OSBPL6,0.0,0.0,0.0,1.0,0.0,0.2,1
ORM1,0.0,0.0,0.0,1.0,0.0,0.2,1
OR8B8,0.0,0.0,0.0,1.0,0.0,0.2,1
OR7E24,0.0,0.0,0.0,1.0,0.0,0.2,1
OR51E1,0.0,0.0,0.0,1.0,0.0,0.2,1
HOTAIR,0.0,0.0,0.0,1.0,0.0,0.2,1
LOC100507311,0.0,0.0,0.0,1.0,0.0,0.2,1
LOC100507156,0.0,0.0,0.0,1.0,0.0,0.2,1
LOC101928702,0.0,0.0,0.0,1.0,0.0,0.2,1
LOC101928551,0.0,0.0,0.0,1.0,0.0,0.2,1
LOC101928283,0.0,0.0,0.0,1.0,0.0,0.2,1
LOC101928047,0.0,0.0,0.0,1.0,0.0,0.2,1
LOC101927824,0.0,0.0,0.0,1.0,0.0,0.2,1
LOC101927787,0.0,0.0,0.0,1.0,0.0,0.2,1
OR51B2,0.0,0.0,0.0,1.0,0.0,0.2,1
CHST1,0.0,0.0,0.0,1.0,0.0,0.2,1
CHMP1B,0.0,0.0,0.0,1.0,0.0,0.2,1
CHIA,0.0,0.0,0.0,1.0,0.0,0.2,1
CFLAR,0.0,0.0,0.0,1.0,0.0,0.2,1
CEP41,0.0,0.0,0.0,1.0,0.0,0.2,1
CEP128,0.0,0.0,0.0,1.0,0.0,0.2,1
CEL,0.0,0.0,0.0,1.0,0.0,0.2,1
PDZK1,0.0,0.0,0.0,1.0,0.0,0.2,1
GSN-AS1,0.0,0.0,0.0,1.0,0.0,0.2,1
PAQR5,0.0,0.0,0.0,1.0,0.0,0.2,1
PIFO,0.0,0.0,0.0,1.0,0.0,0.2,1
CDKN2B-AS1,0.0,0.0,0.0,1.0,0.0,0.2,1
PIEZO2,0.0,0.0,0.0,1.0,0.0,0.2,1
PHOSPHO1,0.0,0.0,0.0,1.0,0.0,0.2,1
PFKP,0.0,0.0,0.0,1.0,0.0,0.2,1
PEX11G,0.0,0.0,0.0,1.0,0.0,0.2,1
CLCNKB,0.0,0.0,0.0,1.0,0.0,0.2,1
PDHA2,0.0,0.0,0.0,1.0,0.0,0.2,1
GS1-259H13.2,0.0,0.0,0.0,1.0,0.0,0.2,1
GS1-124K5.9,0.0,0.0,0.0,1.0,0.0,0.2,1
FLJ37786,0.0,0.0,0.0,1.0,0.0,0.2,1
LINC01395,0.0,0.0,0.0,1.0,0.0,0.2,1
LOC101927709,0.0,0.0,0.0,1.0,0.0,0.2,1
LOC285181,0.0,0.0,0.0,1.0,0.0,0.2,1
LOC283788,0.0,0.0,0.0,1.0,0.0,0.2,1
LOC254057,0.0,0.0,0.0,1.0,0.0,0.2,1
PATE2,0.0,0.0,0.0,1.0,0.0,0.2,1
LOC147791,0.0,0.0,0.0,1.0,0.0,0.2,1
LOC101060400,0.0,0.0,0.0,1.0,0.0,0.2,1
LOC100996654,0.0,0.0,0.0,1.0,0.0,0.2,1
LOC100507670,0.0,0.0,0.0,1.0,0.0,0.2,1
LOC100507562,0.0,0.0,0.0,1.0,0.0,0.2,1
LOC100507443,0.0,0.0,0.0,1.0,0.0,0.2,1
FLJ12120,0.0,0.0,0.0,1.0,0.0,0.2,1
FJX1,0.0,0.0,0.0,1.0,0.0,0.2,1
PAXIP1OS,0.0,0.0,0.0,1.0,0.0,0.2,1
LOC158434,0.0,0.0,0.0,1.0,0.0,0.2,1
ASF1B,0.0,0.0,0.4783899151153702,0.5208,0.0,0.19983798302307407,2
GATA6,0.0,0.0,0.402519386697101,0.5964,0.0,0.1997838773394202,2
C14orf132,0.0,0.0,0.3314573937957199,0.6667,0.0,0.19963147875914397,2
FAM110B,0.0,0.25430324808296706,0.1349504319955463,0.6089,0.0,0.1996307360157027,3
SELE,0.0,0.0,0.33138698055266175,0.6667,0.0,0.19961739611053234,2
RUNDC3B,0.0,0.0,0.3306651253123142,0.6667,0.0,0.19947302506246284,2
ECT2,0.0,0.0,0.32986204661612706,0.6667,0.0,0.19931240932322541,2
CASP1,0.0,0.0,0.0,0.9965,0.0,0.19930000000000003,1
TLL1,0.0,0.0,0.3297158794360335,0.6667,0.0,0.19928317588720668,2
RECK,0.0,0.0,0.32966326973383064,0.6667,0.0,0.19927265394676613,2
TRPM2,0.0,0.0,0.3296018153120787,0.6667,0.0,0.19926036306241574,2
RNF157-AS1,0.0,0.0,0.0,0.9962,0.0,0.19924,1
GNA14,0.0,0.0,0.329486091438283,0.6667,0.0,0.1992372182876566,2
TRAF5,0.0,0.0,0.018712898863342195,0.9773,0.0,0.19920257977266842,2
GIMAP7,0.0,0.0,0.3291093719019601,0.6667,0.0,0.199161874380392,2
CLMP,0.0,0.3282740015255768,0.0,0.6667,0.0,0.19899480030511535,2
NIT2,0.0,0.0,0.09896018201166183,0.8958,0.0,0.1989520364023324,2
NPAS4,0.0,0.0,0.4609662762199802,0.5336,0.0,0.19891325524399606,2
KCND2,0.0,0.0,0.3278122555622532,0.6667,0.0,0.19890245111245064,2
PRELP,0.0,0.0,0.5420299653420209,0.452,0.0,0.19880599306840419,2
HSPB7,0.0,0.0,0.6421326667312082,0.3514,0.0,0.1987065333462416,2
LAMA4,0.0,0.0,0.3266925577450446,0.6667,0.0,0.1986785115490089,2
PRDM5,0.0,0.0,0.32569124813690353,0.6667,0.0,0.1984782496273807,2
SOX7,0.0,0.0,0.3255025607865362,0.6667,0.0,0.19844051215730724,2
KIAA1524,0.0,0.0,0.22261178813682683,0.7691,0.0,0.19834235762736538,2
CA2,0.0,0.0,0.3243608494451184,0.6667,0.0,0.19821216988902368,2
C9orf135-AS1,0.0,0.0,0.0,0.9901,0.0,0.19802,1
PDIA6,0.0,0.0,0.12538763621332177,0.8647,0.0,0.19801752724266436,2
MESP1,0.0,0.0,0.32325297756685906,0.6667,0.0,0.19799059551337178,2
STC2,0.0,0.0,0.32317063409847296,0.6667,0.0,0.19797412681969456,2
NEK2,0.0,0.0,0.5338572479299152,0.4558,0.0,0.19793144958598305,2
SLC45A1,0.0,0.0,0.3225712896952927,0.6667,0.0,0.19785425793905853,2
TYMS,0.0,0.0,0.3225479876810744,0.6667,0.0,0.19784959753621487,2
ATRNL1,0.0,0.0,0.3220376078726561,0.6667,0.0,0.1977475215745312,2
RP11-846E15.2,0.0,0.0,0.0,0.9885,0.0,0.19770000000000001,1
SBK1,0.0,0.0,0.3667387398475994,0.6215,0.0,0.1976477479695199,2
MRPL37,0.0,0.0,0.11070201674674483,0.8774,0.0,0.19762040334934897,2
GJC1,0.0,0.0,0.3209529244060602,0.6667,0.0,0.19753058488121203,2
IRS2,0.0,0.0,0.12089787672191298,0.6667,0.2,0.19751957534438258,3
APOBEC3B,0.0,0.0,0.3208966457831556,0.6667,0.0,0.19751932915663112,2
TPX2,0.0,0.0,0.5387339423843613,0.4487,0.0,0.1974867884768723,2
SSC5D,0.0,0.0,0.37498024952286035,0.612,0.0,0.1973960499045721,2
TDRD10,0.0,0.0,0.3188411111212784,0.6667,0.0,0.19710822222425567,2
LHFP,0.0,0.0,0.3185900957966118,0.6667,0.0,0.19705801915932236,2
USP53,0.0,0.0,0.09390876578584685,0.8913,0.0,0.19704175315716937,2
CYYR1,0.0,0.0,0.31836100664089945,0.6667,0.0,0.19701220132817987,2
CLEC11A,0.0,0.3900460353687646,0.1147797746545332,0.4797,0.0,0.19690516200465957,3
DDHD1,0.0,0.0,0.0,0.9845,0.0,0.19690000000000002,1
EPDR1,0.0,0.24866659285738865,0.30417150556714,0.4313,0.0,0.19682761968490575,3
SLC4A11,0.0,0.0,0.3168753558225214,0.6667,0.0,0.19671507116450426,2
ATP6V0B,0.0,0.0,0.15001201243947568,0.8332,0.0,0.19664240248789516,2
LOC100291323,0.0,0.0,0.0,0.9829,0.0,0.19658,1
SACS,0.0,0.0,0.07754213297709689,0.9048,0.0,0.19646842659541938,2
PDE7B,0.0,0.0,0.31556055004371786,0.6667,0.0,0.19645211000874357,2
ZDHHC15,0.0,0.0,0.315002600841818,0.6667,0.0,0.1963405201683636,2
CFC1B,0.0,0.0,0.31488784906531964,0.6667,0.0,0.19631756981306392,2
TPM2,0.0,0.0,0.3143243639942349,0.6667,0.0,0.19620487279884696,2
TIMP4,0.0,0.0,0.3135955809422545,0.6667,0.0,0.1960591161884509,2
TRIM63,0.0,0.0,0.31349258909684574,0.6667,0.0,0.19603851781936915,2
PDE5A,0.0,0.0,0.3131109339886266,0.6667,0.0,0.1959621867977253,2
AC012065.7,0.0,0.31267461361990556,0.0,0.6667,0.0,0.1958749227239811,2
ESPL1,0.0,0.0,0.5004266103062204,0.4788,0.0,0.1958453220612441,2
IGFN1,0.0,0.0,0.31247499930037925,0.6667,0.0,0.19583499986007585,2
ZNF781,0.0,0.0,0.31246304190259067,0.6667,0.0,0.19583260838051814,2
PPARG,0.0,0.0,0.0,0.9788,0.0,0.19576000000000002,1
SCARF2,0.0,0.17496578752167663,0.1370294799687875,0.6667,0.0,0.1957390534980928,3
SEMA4G,0.0,0.0,0.012302549008059585,0.9655,0.0,0.19556050980161194,2
TENC1,0.0,0.0,0.3110257422177443,0.6667,0.0,0.19554514844354887,2
HOXB13,0.0,0.0,0.5199771078055692,0.2577,0.2,0.19553542156111384,3
ZAK,0.0,0.0,0.31080962531737044,0.6667,0.0,0.19550192506347408,2
DMBX1,0.0,0.0,0.36140544447505585,0.616,0.0,0.19548108889501117,2
KCNJ8,0.0,0.0,0.31041316349346154,0.6667,0.0,0.1954226326986923,2
PRR13,0.0,0.0,0.060379504757011496,0.9166,0.0,0.1953959009514023,2
KDR,0.0,0.0,0.3100414450454756,0.6667,0.0,0.19534828900909512,2
FBLN5,0.0,0.0,0.3091480846934535,0.6667,0.0,0.1951696169386907,2
ZIK1,0.0,0.0,0.33397964574517797,0.6416,0.0,0.19511592914903558,2
HK2,0.0,0.0,0.30845037827336785,0.6667,0.0,0.19503007565467356,2
KRTAP9-9,0.0,0.0,0.0,0.9738,0.0,0.19476000000000002,1
ESM1,0.0,0.0,0.3069257670113493,0.6667,0.0,0.19472515340226987,2
ASXL3,0.0,0.0,0.30681445752240327,0.6667,0.0,0.19470289150448064,2
FAM126A,0.0,0.0,0.07110430574464804,0.9021,0.0,0.19464086114892964,2
EXTL1,0.0,0.0,0.30646678066381844,0.6667,0.0,0.19463335613276367,2
MMP9,0.0,0.0,0.30596212744846263,0.6667,0.0,0.19453242548969252,2
OR51B6,0.0,0.0,0.0,0.9724,0.0,0.19448000000000001,1
PGM5,0.0,0.0,0.6177944663197777,0.3546,0.0,0.19447889326395557,2
PROS1,0.0,0.0,0.3055343069964595,0.6667,0.0,0.1944468613992919,2
GABPB1-AS1,0.0,0.0,0.0,0.9719,0.0,0.19438,1
MAGEH1,0.0,0.0,0.30494636245403045,0.6667,0.0,0.1943292724908061,2
AASS,0.0,0.0,0.30445835232309176,0.6667,0.0,0.19423167046461834,2
LDLRAD4,0.0,0.0,0.0,0.9708,0.0,0.19416,1
RFTN2,0.0,0.0,0.33117322715185665,0.6395,0.0,0.19413464543037132,2
EIF2S2,0.0,0.0,0.08862717581477433,0.8819,0.0,0.19410543516295486,2
COL6A3,0.0,0.0,0.30362461193247026,0.6667,0.0,0.19406492238649403,2
TFPI,0.0,0.0,0.30333441777602604,0.6667,0.0,0.1940068835552052,2
SFN,0.0,0.0,0.5178195438295491,0.4521,0.0,0.19398390876590982,2
KCNMA1,0.0,0.0,0.4660723437347167,0.5036,0.0,0.19393446874694337,2
PAK3,0.0,0.0,0.3027603845579234,0.6667,0.0,0.19389207691158467,2
PALLD,0.0,0.0,0.3023831408900704,0.6667,0.0,0.19381662817801407,2
FLRT1,0.0,0.0,0.06676962624455207,0.9022,0.0,0.19379392524891043,2
PRSS35,0.0,0.0,0.35896198196668694,0.61,0.0,0.1937923963933374,2
DLG2,0.0,0.0,0.3021739153481332,0.6667,0.0,0.19377478306962664,2
GNG11,0.0,0.0,0.3021602539574501,0.6667,0.0,0.19377205079149,2
ZCCHC14,0.0,0.0,0.10642387704731981,0.8624,0.0,0.193764775409464,2
LINC00184,0.0,0.0,0.0,0.9683,0.0,0.19366000000000003,1
NEDD4,0.0,0.0,0.30146444751415713,0.6667,0.0,0.19363288950283142,2
