Gene,CellType,Direction,logFC,adj_pvalue
F13A1,Epithelial,Down,-1.5679997533333332,0.04653517467309636
ERVK3-2,Epithelial,Up,1.4530811091666669,0.04653517467309636
PDGFRA,Epithelial,Down,-1.4115849183333335,0.04653517467309636
CD248,Epithelial,Down,-1.1818098249999998,0.011449950051106139
CIB1,Epithelial,Down,-1.1302461834166668,0.04709687599994767
EDNRA,Epithelial,Down,-2.129179,0.04709687599994767
LGALS1,Epithelial,Down,-1.2765860749999998,0.04346985758743905
MGP,Epithelial,Down,-3.0723027583333327,0.011449950051106139
PCDH18,Epithelial,Down,-1.933898916666666,0.011449950051106139
IGF1,Epithelial,Down,-1.694679715,0.011449950051106139
FBN1,Epithelial,Down,-1.6495606916666665,0.011449950051106139
A2M,Epithelial,Down,-1.5802026916666672,0.011449950051106139
SERPINF1,Epithelial,Down,-1.1933157883333334,0.011449950051106139
MMP2,Epithelial,Down,-1.1178555166666664,0.04346985758743905
ALDH1A1,Epithelial,Down,-2.5120602950000004,0.04346985758743905
CDH11,Epithelial,Down,-1.9372206083333332,0.03641916978863644
SPG20OS,Epithelial,Up,1.0427470183333334,0.04709687599994767
RPN1,Epithelial,Down,-0.8103706125000001,0.04346985758743905
DCN,Epithelial,Down,-2.4767381750000004,0.011449950051106139
FLRT2,Epithelial,Down,-1.0042063583333332,0.04653517467309636
