Gene_set,Term,Overlap,P-value,Adjusted P-value,Old P-value,Old Adjusted P-value,Odds Ratio,Combined Score,Genes
GO_Biological_Process_2023,Sensory Perception Of Sour Taste (GO:0050915),1/8,0.002797015027105,0.0179485608707505,0,0,475.8571428571428,2797.6605002155425,PKD1L3
GO_Biological_Process_2023,Cellular Response To Acidic pH (GO:0071468),1/12,0.0041930151049605,0.0179485608707505,0,0,302.7575757575757,1657.3964565725007,PKD1L3
GO_Biological_Process_2023,Antifungal Innate Immune Response (GO:0061760),1/16,0.0055873417078214,0.0179485608707505,0,0,221.9777777777778,1151.4545938502376,RNASE8
GO_Biological_Process_2023,Sensory Perception Of Taste (GO:0050909),1/17,0.0059356619951244,0.0179485608707505,0,0,208.09375,1066.8501922993223,PKD1L3
GO_Biological_Process_2023,Response To Acidic pH (GO:0010447),1/17,0.0059356619951244,0.0179485608707505,0,0,208.09375,1066.8501922993223,PKD1L3
GO_Biological_Process_2023,Detection Of Mechanical Stimulus (GO:0050982),1/18,0.0062838777740325,0.0179485608707505,0,0,195.843137254902,992.8792720611536,PKD1L3
GO_Biological_Process_2023,Cellular Response To pH (GO:0071467),1/20,0.0069799958941807,0.0179485608707505,0,0,175.21052631578948,869.8689177892479,PKD1L3
GO_Biological_Process_2023,Bile Acid And Bile Salt Transport (GO:0015721),1/23,0.0080233898041786,0.0180526270594018,0,0,151.29545454545453,730.0602205833903,SLC10A1
GO_Biological_Process_2023,Defense Response To Fungus (GO:0050832),1/29,0.0101073601190722,0.0202147202381444,0,0,118.83928571428572,546.0060757050519,RNASE8
GO_Biological_Process_2023,Monoatomic Cation Transport (GO:0006812),1/42,0.0146097635321501,0.0234694258120497,0,0,81.10569105691057,342.7579416357621,PKD1L3
GO_Biological_Process_2023,Organic Hydroxy Compound Transport (GO:0015850),1/45,0.0156462838746998,0.0234694258120497,0,0,75.56439393939394,314.1606183022885,SLC10A1
GO_Biological_Process_2023,Detection Of Chemical Stimulus Involved In Sensory Perception Of Taste (GO:0050912),1/45,0.0156462838746998,0.0234694258120497,0,0,75.56439393939394,314.1606183022885,PKD1L3
GO_Biological_Process_2023,Monocarboxylic Acid Transport (GO:0015718),1/73,0.0252755023025473,0.0333774044180437,0,0,46.11342592592592,169.6014749165987,SLC10A1
GO_Biological_Process_2023,Defense Response To Gram-negative Bacterium (GO:0050829),1/75,0.0259602034362562,0.0333774044180437,0,0,44.862612612612615,163.80194724861406,RNASE8
GO_Biological_Process_2023,Defense Response To Gram-positive Bacterium (GO:0050830),1/85,0.0293775292387813,0.0352530350865376,0,0,39.50198412698413,139.34424479285835,RNASE8
GO_Biological_Process_2023,Monoatomic Ion Transport (GO:0006811),1/107,0.0368594932260918,0.0393865460604262,0,0,31.2688679245283,103.20734112335164,PKD1L3
GO_Biological_Process_2023,Lipid Transport (GO:0006869),1/108,0.0371984046126248,0.0393865460604262,0,0,30.97507788161994,101.9541406781754,SLC10A1
KEGG_2021_Human,Taste transduction,1/86,0.0297186959454334,0.0466235027756411,0,0,39.03529411764706,137.2472719605343,PKD1L3
KEGG_2021_Human,Bile secretion,1/90,0.0310823351837607,0.0466235027756411,0,0,37.27340823970037,129.38030961454655,SLC10A1
