Gene,Description,Direction,logFC,adj_pvalue
IL10,Anti-inflammatory cytokine (Ye et al.),NS,0.1999448204095239,0.5188202952465876
CXCL8,Chemokine IL-8 (Ye et al.),NS,0.6479177351952381,0.6972003216737714
IFNG,Interferon gamma (Ye et al.),NS,0.06830938673333332,0.4314318490052808
MMP9,Matrix metalloproteinase (Ye et al.),NS,-0.03127627470476191,0.9283448321052935
PECAM1,Endothelial adhesion (Ye et al.),NS,-0.7346839955714285,0.8209989158716231
MYD88,Innate immune signaling (Ye et al.),NS,-0.1782737682619047,0.5205019717398511
ESR1,Estrogen receptor,NS,0.1771238385238095,0.15615082762912796
JUN,AP-1 transcription factor,NS,0.3373667225714286,0.4022536449758168
PIK3CA,PI3K catalytic subunit,NS,-0.16722580003809523,0.7867945090236598
AKT1,PI3K/AKT kinase,NS,0.010849202061904763,0.9853064465283565
PTEN,Tumor suppressor,NS,-0.02705604783333333,0.9737306187467863
INSR,Insulin receptor,NS,-0.35804904288095235,0.799903153312869
IGF1R,IGF-1 receptor,NS,0.24114388780952375,0.8307048868156126
AR,Androgen receptor,NS,0.07313265985238092,0.9407321057257946
PGR,Progesterone receptor,NS,0.4370173291428571,0.8633513061134804
CYP19A1,Aromatase,NS,0.03619175195714285,0.7882147627832804
SERPINE1,PAI-1,NS,-0.7963748194523805,0.5477681767862396
TP53,Tumor suppressor p53,NS,0.12522978742857135,0.8549933177185182
CTNNB1,Beta-catenin,NS,-0.3569023108380952,0.22836031347787028
KRAS,RAS oncogene,NS,-0.34455043560000004,0.24538911431943505
